,time,open,close,high,low,volume,amount
0,2015-04-16 09:16:00,7672.641,7697.728,7784.564,7483.879,123400.0,189216885320.0
1,2015-04-17 09:16:00,7708.439,7739.58,7891.666,7622.946999999999,122985.0,191635312000.0
2,2015-04-20 09:16:00,7743.993,7594.931,7833.929,7558.812,105223.0,162333422400.0
3,2015-04-21 09:16:00,7623.478,8122.675999999998,8130.403,7616.232,140591.0,221869795080.0
4,2015-04-22 09:16:00,8142.62,8172.31,8219.138,8089.996,129489.0,211309915000.0
5,2015-04-23 09:16:00,8170.395,8246.455,8354.218,8141.113,139023.0,229558918680.0
6,2015-04-24 09:16:00,8225.123,8300.264000000001,8322.649,8100.57,134275.0,220605472280.0
7,2015-04-27 09:16:00,8328.322,8319.613000000001,8525.456,8268.138,134864.0,226424321880.0
8,2015-04-28 09:16:00,8290.641,8117.745,8389.462,7987.871,174786.0,286178179240.0
9,2015-04-29 09:16:00,8100.519,8271.152,8276.193000000001,8052.581,140764.0,231319303960.0
10,2015-04-30 09:16:00,8281.464,8306.415,8377.606,8263.099,126204.0,210699647080.0
11,2015-05-04 09:16:00,8335.574,8307.981,8451.178,8171.861,106885.0,177519927840.0
12,2015-05-05 09:16:00,8292.419,8103.399,8300.283000000001,8049.959,117520.0,192995502400.0
13,2015-05-06 09:16:00,8133.916,7998.1590000000015,8235.747,7927.973000000001,120648.0,197029501560.0
14,2015-05-07 09:16:00,7975.321999999999,7875.035,8018.798000000002,7867.142,118502.0,188597150680.0
15,2015-05-08 09:16:00,7905.089,8133.173000000002,8133.173000000002,7891.641,134940.0,216381243000.0
16,2015-05-11 09:16:00,8135.931,8442.292,8458.013,8107.936,142622.0,236710560640.0
17,2015-05-12 09:16:00,8439.946,8591.582,8594.213,8361.997,184095.0,313054282680.0
18,2015-05-13 09:16:00,8528.295,8611.508,8691.142,8428.671999999999,247615.0,427227347400.0
19,2015-05-14 09:16:00,8575.609,8638.494,8704.395,8528.72,249109.0,430656813600.0
20,2015-05-15 09:16:00,8611.776,8595.259,8698.53,8486.488000000001,222561.0,382655074600.0
21,2015-05-18 09:16:00,8725.471,8881.655,8905.784,8664.271,208858.0,365275553000.0
22,2015-05-19 09:16:00,8772.442,9097.725,9129.624,8705.581,237774.0,424557822840.0
23,2015-05-20 09:16:00,9094.331,9264.658,9442.533,9091.784,248883.0,464176857560.0
24,2015-05-21 09:16:00,9289.992,9712.814,9730.669,9289.992,266715.0,506787564400.0
25,2015-05-22 09:16:00,9749.616,9719.758,9844.696,9504.66,296582.0,574432164760.0
26,2015-05-25 09:16:00,9592.438,9941.906,9993.245,9435.001,272067.0,535360569760.0
27,2015-05-26 09:16:00,9961.305,10509.595,10512.079,9961.305,269500.0,553914224400.0
28,2015-05-27 09:16:00,10556.45,10547.973,10708.096,10351.12,323732.0,681172933320.0
29,2015-05-28 09:16:00,10578.749,9979.378,10758.325,9837.166,386694.0,805589395600.0
30,2015-05-29 09:16:00,10105.786,10131.374,10372.672,9904.279,378946.0,770176107200.0
31,2015-06-01 09:16:00,10216.725,11027.861,11084.128,10187.841,274617.0,581849887520.0
32,2015-06-02 09:16:00,11038.853,11280.533,11420.738,10868.867,301198.0,668653779360.0
33,2015-06-03 09:16:00,11319.161,11121.739,11478.712,10834.436000000003,359363.0,803849846120.0
34,2015-06-04 09:16:00,11169.19,10868.947,11268.177,10057.933,411842.0,882246966320.0
35,2015-06-05 09:16:00,10897.013,10927.776000000002,11248.99,10531.317,367379.0,805915470520.0
36,2015-06-08 09:16:00,10835.246,10549.351,10915.659,10346.592,338203.0,718592224840.0
37,2015-06-09 09:16:00,10549.983,10625.595,10880.481000000002,10379.491,349401.0,747732945840.0
38,2015-06-10 09:16:00,10575.835,10908.734,11259.966,10525.932,343745.0,753884346760.0
39,2015-06-11 09:16:00,11013.938,11185.449,11214.459,10857.972,290486.0,644189649400.0
40,2015-06-12 09:16:00,11197.42,11400.033,11516.494,11159.615,281288.0,640610951320.0
41,2015-06-15 09:16:00,11414.622,11203.187,11546.779,10985.584,287163.0,650449639360.0
42,2015-06-16 09:16:00,11195.233,10756.059,11204.178,10591.353,381645.0,829983128640.0
43,2015-06-17 09:16:00,10746.029,10975.585,11050.518,10414.52,365153.0,786356560520.0
44,2015-06-18 09:16:00,10976.638,10578.141,11132.456,10566.298,378158.0,827888373840.0
45,2015-06-19 09:16:00,10562.348,9986.253,10590.913,9955.012,452932.0,933593025080.0
46,2015-06-23 09:16:00,9995.655,9858.581,10096.366,9376.872,388551.0,764674433880.0
47,2015-06-24 09:16:00,9857.268,10003.52,10165.473,9660.383,355829.0,708804686800.0
48,2015-06-25 09:16:00,10037.915,9310.189,10086.748,9264.296,378147.0,744306660720.0
49,2015-06-26 09:16:00,9325.016,8558.82,9325.016,8558.82,322561.0,579223824520.0
50,2015-06-29 09:16:00,8710.439,7706.198,8724.291,7706.198,405117.0,663558690360.0
51,2015-06-30 09:16:00,7688.653,8265.192,8548.032,7489.391,460686.0,743249466240.0
52,2015-07-01 09:16:00,8325.451,7438.828,8703.362,7438.828,450877.0,756210804840.0
53,2015-07-02 09:16:00,7771.361,7596.645,8193.84,7254.7159999999985,539896.0,835778018640.0
54,2015-07-03 09:16:00,7638.231,7343.565,7864.326999999998,7026.725,440203.0,655779995640.0
55,2015-07-06 09:16:00,8111.156,7376.6680000000015,8111.156,6655.978,372855.0,541687799280.0
56,2015-07-07 09:16:00,7278.6190000000015,6468.7040000000015,7370.086999999998,6468.7040000000015,134990.0,186603280880.0
57,2015-07-08 09:16:00,6117.462,5908.808000000001,7009.831,5908.808000000001,40633.0,51282911680.0
58,2015-07-09 09:16:00,5857.485,6488.004,6488.004,5770.175,21227.0,26634963560.0
59,2015-07-10 09:16:00,6786.388000000001,7132.894,7132.894,6782.736,15678.0,22093830600.0
60,2015-07-13 09:16:00,7421.863,7430.544,7837.125,7043.594,117646.0,180364560040.0
61,2015-07-14 09:16:00,7591.695,7502.258000000002,7852.432,7408.343000000002,145244.0,223506934040.0
62,2015-07-15 09:16:00,7471.265,6870.7069999999985,7487.529,6816.79,126863.0,183956228680.0
63,2015-07-16 09:16:00,6781.411999999998,7207.021,7425.933000000001,6511.528,188692.0,269054977280.0
64,2015-07-17 09:16:00,7169.449000000001,7731.589,7732.103,7141.188,159111.0,239850297280.0
65,2015-07-20 09:16:00,7806.524,7465.611,7964.953,7305.88,206615.0,318273823360.0
66,2015-07-21 09:16:00,7457.389,7581.058000000001,7795.8,7267.99,200285.0,307331325560.0
67,2015-07-22 09:16:00,7562.932,7633.264,7766.189,7434.760999999998,161093.0,249444141080.0
68,2015-07-23 09:16:00,7667.307,8282.061,8356.768,7574.691999999999,185614.0,299044433880.0
69,2015-07-24 09:16:00,8302.591,7856.068,8414.969000000001,7794.863,200974.0,334151920160.0
70,2015-07-27 09:16:00,7856.515,7231.898,8052.594,7231.898,164002.0,258993683800.0
71,2015-07-28 09:16:00,7070.174,7083.852,7381.946999999999,6895.868,182366.0,264020488560.0
72,2015-07-29 09:16:00,7141.51,7560.893,7572.195,6819.105,192114.0,281307715280.0
73,2015-07-30 09:16:00,7539.983,7089.811,7583.434,7010.676,202563.0,303760398440.0
74,2015-07-31 09:16:00,7126.94,7248.458,7484.925,7067.646,158052.0,233131137640.0
75,2015-08-03 09:16:00,7192.963000000002,6903.941999999999,7197.143,6839.187,103678.0,148092965000.0
76,2015-08-04 09:16:00,6928.167,7480.2959999999985,7525.9569999999985,6916.289000000002,141017.0,208684924000.0
77,2015-08-05 09:16:00,7533.981,7308.767,7560.814,7282.16,126343.0,191113702800.0
78,2015-08-06 09:16:00,7232.751,7375.1590000000015,7547.661999999998,7175.647,131340.0,198177203120.0
79,2015-08-07 09:16:00,7413.691999999999,7719.281,7825.3809999999985,7413.691999999999,144064.0,225191608800.0
80,2015-08-10 09:16:00,7734.074,8214.879,8312.786,7734.074,119663.0,194518622120.0
81,2015-08-11 09:16:00,8236.855,8072.196,8273.251,8070.924,115768.0,191762759800.0
82,2015-08-12 09:16:00,8070.674,7928.885,8181.383000000002,7914.245,125333.0,204865749040.0
83,2015-08-13 09:16:00,7928.479,8169.148,8208.854,7887.643,125758.0,205860784280.0
84,2015-08-14 09:16:00,8199.713,8205.094000000001,8352.4,8125.331,131755.0,221581876240.0
85,2015-08-17 09:16:00,8204.721,8447.703000000001,8468.945,7977.485,134034.0,225728896800.0
86,2015-08-18 09:16:00,8465.296,7568.585,8552.078000000001,7552.696,175119.0,287808543680.0
87,2015-08-19 09:16:00,7522.751999999998,7837.198,7897.856,7331.498,194753.0,301776650000.0
88,2015-08-20 09:16:00,7764.512,7609.63,7945.925,7569.0909999999985,188069.0,293622233160.0
89,2015-08-21 09:16:00,7502.154,7215.147,7605.983,7080.986999999999,194260.0,286960398960.0
90,2015-08-24 09:16:00,7020.672,6551.359,7046.338000000002,6551.359,93269.0,125098231400.0
91,2015-08-25 09:16:00,6158.4209999999985,5794.609,6288.019,5794.609,136962.0,168250776360.0
92,2015-08-26 09:16:00,5784.564,5313.906999999998,6046.236999999999,5228.414000000002,181466.0,208815981440.0
93,2015-08-27 09:16:00,5568.103,5829.614000000001,5971.828,5426.191,177670.0,205560321960.0
94,2015-08-28 09:16:00,5990.203,6284.0909999999985,6292.906,5784.637,136361.0,165407028520.0
95,2015-08-31 09:16:00,6273.683000000001,5842.002,6273.894,5741.233,90554.0,109233280760.0
96,2015-09-01 09:16:00,5823.748000000001,5258.137,6059.8809999999985,5250.58,116929.0,129939896040.0
97,2015-09-02 09:16:00,5164.213,5228.636,5758.387,4973.634,169119.0,184225894200.0
98,2015-09-07 09:16:00,5446.325,5615.764,5741.576,5369.682,14422.0,16468324880.0
99,2015-09-08 09:16:00,5606.23,6158.373000000001,6158.373000000001,5557.9659999999985,13167.0,15712455240.0
100,2015-09-09 09:16:00,6217.163000000001,6247.1280000000015,6431.585999999998,6169.986999999999,11820.0,15009255960.0
101,2015-09-10 09:16:00,6190.291,6178.521,6316.894,6103.036999999998,7750.0,9748959080.0
102,2015-09-11 09:16:00,6176.801,6259.719,6340.236,6139.326,7693.0,9744708240.0
103,2015-09-14 09:16:00,6303.664000000002,5607.611,6331.604,5607.611,10646.0,12896677920.0
104,2015-09-15 09:16:00,5539.208000000001,5426.127,5671.066999999999,5348.85,10495.0,11769378880.0
105,2015-09-16 09:16:00,5451.258000000002,5836.415,5912.3780000000015,5399.368,14062.0,15980553640.0
106,2015-09-17 09:16:00,5848.405,5690.0059999999985,5973.58,5629.882,12905.0,15188246200.0
107,2015-09-18 09:16:00,5689.301,5772.9659999999985,5824.834,5625.906999999998,11861.0,13708389440.0
108,2015-09-21 09:16:00,5742.891,6153.95,6164.973000000001,5682.684,11523.0,13593328320.0
109,2015-09-22 09:16:00,6052.135,5977.583000000001,6082.9540000000015,5897.024,10478.0,12712504080.0
110,2015-09-23 09:16:00,5956.248000000001,5859.661,5974.7930000000015,5791.425,10233.0,12217682840.0
111,2015-09-24 09:16:00,5882.7159999999985,5969.069,6027.321999999999,5857.76,9988.0,12053725200.0
112,2015-09-25 09:16:00,5967.269,5667.615,5986.236999999999,5594.451,11773.0,13831953880.0
113,2015-09-28 09:16:00,5705.093000000002,5860.295,5894.212,5645.903,10606.0,12458306000.0
114,2015-09-29 09:16:00,5827.425,5772.052,5827.425,5648.847,9770.0,11416674520.0
115,2015-09-30 09:16:00,5794.058000000001,5785.254,5853.689,5716.401999999999,8197.0,9659227680.0
116,2015-10-08 09:16:00,6040.379,6074.347,6227.656,6040.379,9351.0,11626215440.0
117,2015-10-09 09:16:00,6106.68,6257.812,6302.078,6093.899,8910.0,11157260640.0
118,2015-10-12 09:16:00,6309.092,6583.272,6830.771,6306.57,63348.0,84385340040.0
119,2015-10-20 09:16:00,6561.276999999999,6660.698,6872.147,6348.675,91984.0,123320802520.0
120,2015-10-30 09:16:00,6683.9209999999985,6667.469,6765.397,6534.155,11905.0,16035987800.0
121,2015-11-02 09:16:00,6555.358,6554.66,6741.823,6473.018,11884.0,15890381640.0
122,2015-11-03 09:16:00,6596.321,6538.46,6636.969,6500.531999999998,10800.0,14354794040.0
123,2015-11-04 09:16:00,6578.63,6975.6590000000015,7004.663000000001,6559.9,13240.0,18080629680.0
124,2015-11-05 09:16:00,6952.525,6951.5059999999985,7007.416,6871.714,11725.0,16445495360.0
125,2015-11-06 09:16:00,6941.33,7190.2930000000015,7221.812,6941.33,10830.0,15498494760.0
126,2015-11-09 09:16:00,7175.143,7270.19,7358.644,7107.074000000001,10720.0,15566647320.0
127,2015-11-10 09:16:00,7247.101,7489.265,7619.43,7179.246,84021.0,124584903400.0
128,2015-11-20 09:16:00,7460.785,7022.433000000001,7668.774,6866.22,60976.0,90750563360.0
129,2015-11-30 09:16:00,7018.366,7044.963000000002,7124.323,6848.133000000002,11857.0,16699720360.0
130,2015-12-01 09:16:00,7057.243,7063.27,7190.522,6975.161999999998,10909.0,15546037160.0
131,2015-12-02 09:16:00,7063.554,7204.871,7212.6309999999985,6875.179,13031.0,18438903240.0
132,2015-12-03 09:16:00,7166.0790000000015,7294.416,7322.453,7144.002,10580.0,15390646480.0
133,2015-12-04 09:16:00,7226.5459999999985,7224.859,7297.495,7135.645,9352.0,13610985640.0
134,2015-12-07 09:16:00,7248.476,7245.5430000000015,7340.041999999998,7160.0,9605.0,14039203200.0
135,2015-12-08 09:16:00,7218.644,7130.246,7218.644,7069.511,9728.0,14002062800.0
136,2015-12-09 09:16:00,7127.791,7108.182,7175.8290000000015,7049.936,9455.0,13565148240.0
137,2015-12-10 09:16:00,7088.434,7485.866,7519.706,7001.75,76015.0,111465804440.0
138,2015-12-21 09:16:00,7453.092,7330.153,7602.99,7201.342,60339.0,90189700120.0
139,2015-12-30 09:16:00,7348.205,7262.813,7462.857,7253.968000000002,17399.0,25860189600.0
140,2016-01-04 09:31:00,7264.721,6800.774,7273.41,6800.774,6683.0,9488583480.0
141,2016-01-05 09:31:00,6628.951,6617.814,6793.411,6571.076999999998,11778.0,15753695360.0
142,2016-01-06 09:31:00,6653.614000000001,6729.388000000001,6783.0790000000015,6618.511,10850.0,14659358320.0
143,2016-01-07 09:31:00,6667.825,6288.999,6667.825,6288.999,2509.0,3301419920.0
144,2016-01-08 09:31:00,6442.6709999999985,6299.4569999999985,6487.694,6061.676,13008.0,16540913600.0
145,2016-01-11 09:31:00,6177.972,5823.7469999999985,6267.851,5815.069,14507.0,17812453280.0
146,2016-01-12 09:31:00,5902.831,5933.210999999998,6035.026999999999,5836.477,14991.0,17971162440.0
147,2016-01-13 09:31:00,5955.718000000002,5733.855,6042.769,5685.644,15281.0,18220527080.0
148,2016-01-14 09:31:00,5543.176,5861.176,5900.613,5517.913000000001,18386.0,21081901920.0
149,2016-01-15 09:31:00,5782.4090000000015,5592.694,5836.569,5540.161,18882.0,21682994280.0
150,2016-01-18 09:31:00,5468.374,5606.25,5716.78,5447.48,14821.0,16735856600.0
151,2016-01-19 09:31:00,5617.212,5831.978,5868.94,5602.808000000001,14029.0,16214344760.0
152,2016-01-20 09:31:00,5781.898,5732.8409999999985,5865.366,5700.016,13256.0,15478951240.0
153,2016-01-21 09:31:00,5741.986,5581.79,5885.893,5558.502,15706.0,18191707800.0
154,2016-01-22 09:31:00,5674.7930000000015,5673.603,5730.073,5515.451999999998,15119.0,17175161240.0
155,2016-01-25 09:31:00,5694.525,5686.683000000001,5798.001,5640.035,12620.0,14526305520.0
156,2016-01-26 09:31:00,5630.249,5281.568,5639.797,5255.118,15040.0,16680649920.0
157,2016-01-27 09:31:00,5317.026999999999,5164.081,5330.398,5006.643,17504.0,18289973840.0
158,2016-01-28 09:31:00,5130.383,5044.062,5224.431,5022.779,14559.0,15147309240.0
159,2016-01-29 09:31:00,5052.4090000000015,5213.9090000000015,5302.238,5042.775,16449.0,17245397400.0
160,2016-02-01 09:31:00,5218.522,5203.019,5270.882,5096.986,14065.0,14814217800.0
161,2016-02-02 09:31:00,5190.56,5393.4,5418.719,5190.56,14631.0,15835945320.0
162,2016-02-03 09:31:00,5342.75,5418.496,5443.9209999999985,5278.97,14202.0,15397598880.0
163,2016-02-04 09:31:00,5427.839,5554.3290000000015,5577.14,5427.839,15091.0,16873188360.0
164,2016-02-05 09:31:00,5536.995,5478.14,5565.214,5474.3319999999985,10993.0,12324869960.0
165,2016-02-15 09:31:00,5387.107,5497.561,5516.108,5315.7069999999985,13383.0,14722040440.0
166,2016-02-16 09:31:00,5525.975,5718.624,5745.82,5517.717,14819.0,16989399240.0
167,2016-02-17 09:31:00,5696.121,5765.989000000001,5784.565,5663.321999999999,14788.0,17140320760.0
168,2016-02-18 09:31:00,5777.941999999999,5725.315,5828.61,5722.429,16369.0,19108010560.0
169,2016-02-19 09:31:00,5692.031,5719.223000000001,5773.87,5684.775,16112.0,18680270280.0
170,2016-02-22 09:31:00,5770.521,5828.49,5880.133000000002,5765.472,13132.0,15300213840.0
171,2016-02-23 09:31:00,5759.383000000002,5739.085,5781.16,5655.772,12526.0,14503495360.0
172,2016-02-24 09:31:00,5720.448,5767.213000000002,5810.231,5611.038000000001,15359.0,17736056520.0
173,2016-02-25 09:31:00,5749.875,5243.998000000001,5769.087,5184.916,17979.0,20084427760.0
174,2016-02-26 09:31:00,5311.752,5299.86,5373.021,5216.636,15850.0,17079117680.0
175,2016-02-29 09:31:00,5286.736999999999,4964.23,5286.736999999999,4925.36,18527.0,18992174480.0
176,2016-03-01 09:31:00,4959.795,5101.401,5160.382000000001,4955.163,18858.0,19332803840.0
177,2016-03-02 09:31:00,5131.581,5455.361,5491.472,5122.263,19306.0,20751800680.0
178,2016-03-03 09:31:00,5452.963000000002,5463.275,5594.059,5450.391,18009.0,20169965760.0
179,2016-03-04 09:31:00,5468.151,5308.056,5528.460999999998,5241.862,20395.0,22361327840.0
180,2016-03-07 09:31:00,5399.915,5445.228,5563.859,5371.821999999999,18343.0,20395071440.0
181,2016-03-08 09:31:00,5371.395,5508.1190000000015,5519.355,5208.804,20414.0,22276784280.0
182,2016-03-09 09:31:00,5410.201999999998,5351.085,5449.064,5311.515,16973.0,18576481480.0
183,2016-03-10 09:31:00,5377.18,5231.929,5431.0790000000015,5209.022,18136.0,19684439800.0
184,2016-03-11 09:31:00,5205.32,5243.736,5304.767,5157.9,17359.0,18527745400.0
185,2016-03-14 09:31:00,5353.121,5450.626,5556.995,5336.2469999999985,21334.0,23704255720.0
186,2016-03-15 09:31:00,5433.834,5403.531,5479.563,5375.103,17507.0,19357433760.0
187,2016-03-16 09:31:00,5457.847,5332.411999999998,5479.144,5258.911999999998,22231.0,24263264720.0
188,2016-03-17 09:31:00,5354.235,5520.205,5552.5,5312.925,25707.0,28392369080.0
189,2016-03-18 09:31:00,5509.815,5724.972,5758.844,5509.815,23864.0,27281575000.0
190,2016-03-21 09:31:00,5798.118,5879.356,5909.39,5788.973000000001,17344.0,20255776000.0
191,2016-03-22 09:31:00,5787.361999999999,5815.465,5882.053000000001,5768.437,14642.0,17205279400.0
192,2016-03-23 09:31:00,5809.06,5841.852,5869.645,5762.349,14820.0,17451941680.0
193,2016-03-24 09:31:00,5785.234,5728.963000000002,5849.715,5717.99,19234.0,22515297120.0
194,2016-03-25 09:31:00,5742.472,5791.798000000002,5830.164000000002,5731.183000000001,15273.0,17871482720.0
195,2016-03-28 09:31:00,5830.661999999998,5733.905,5944.227,5717.038000000001,17776.0,21045358360.0
196,2016-03-29 09:31:00,5739.107,5656.65,5758.02,5591.871,19133.0,21998502200.0
197,2016-03-30 09:31:00,5733.068,5877.44,5888.185,5681.455,19562.0,22885267240.0
198,2016-03-31 09:31:00,5888.694,5879.706,5938.326,5871.029,17340.0,20787719720.0
199,2016-04-01 09:31:00,5865.8409999999985,5880.741,5883.863,5713.641,19443.0,22947164120.0
200,2016-04-05 09:31:00,5847.682,6039.633000000002,6081.973000000001,5841.413000000001,19714.0,23850655840.0
201,2016-04-06 09:31:00,6043.935,6068.959,6081.875,6014.493,15277.0,18742929000.0
202,2016-04-07 09:31:00,6086.72,5995.156999999998,6124.163000000001,5980.401999999999,18110.0,22227122520.0
203,2016-04-08 09:31:00,5959.772,5945.093000000002,5961.585999999998,5870.444,18699.0,22500336600.0
204,2016-04-11 09:31:00,5997.516,6065.846,6139.763000000001,5997.516,18922.0,23383634400.0
205,2016-04-12 09:31:00,6057.863,6050.239000000001,6082.302,5964.383000000002,19089.0,23366282040.0
206,2016-04-13 09:31:00,6096.661,6123.397,6238.16,6089.598000000001,23494.0,29419919400.0
207,2016-04-14 09:31:00,6160.271,6186.136,6195.126,6118.401999999999,19038.0,23733607160.0
208,2016-04-15 09:31:00,6158.719,6150.531,6173.956,6096.231,19669.0,24405029320.0
209,2016-04-18 09:31:00,6100.105,6016.904,6100.105,5956.865,16268.0,19602558240.0
210,2016-04-19 09:31:00,6064.429,5989.252,6064.429,5947.105,15288.0,18482177720.0
211,2016-04-20 09:31:00,6018.469,5669.569,6043.361999999999,5606.98,21027.0,24690130400.0
212,2016-04-21 09:31:00,5675.065,5663.301,5791.615,5647.809,17547.0,20277156480.0
213,2016-04-22 09:31:00,5634.368,5728.348000000001,5728.348000000001,5612.89,16488.0,18934849840.0
214,2016-04-25 09:31:00,5692.599,5692.4540000000015,5700.709,5565.614000000001,16122.0,18442460520.0
215,2016-04-26 09:31:00,5697.637,5764.113,5773.065,5643.218000000002,16372.0,18950390680.0
216,2016-04-27 09:31:00,5767.411,5741.813,5808.462,5712.7840000000015,15348.0,17907444680.0
217,2016-04-28 09:31:00,5748.474,5711.474,5758.475,5605.177,17368.0,20004638400.0
218,2016-04-29 09:31:00,5687.922,5723.578,5763.268,5676.414000000002,14982.0,17385777040.0
219,2016-05-03 09:31:00,5735.736999999999,5958.031999999998,5961.518,5677.935,18623.0,22052935600.0
220,2016-05-04 09:31:00,5936.946999999999,5942.634,5987.273,5920.523,14408.0,17305922160.0
221,2016-05-05 09:31:00,5935.109,6010.906999999998,6015.305,5919.472,14893.0,17944307280.0
222,2016-05-06 09:31:00,5987.831,5766.558000000001,6036.448,5758.453,21150.0,25142606600.0
223,2016-05-09 09:31:00,5711.34,5530.191,5711.34,5514.318,20359.0,23021165200.0
224,2016-05-10 09:31:00,5540.124,5517.866,5575.228,5504.945,16020.0,17951386680.0
225,2016-05-11 09:31:00,5563.218000000002,5499.039000000002,5603.397,5479.541,18074.0,20335777880.0
226,2016-05-12 09:31:00,5453.343000000002,5525.825,5535.32,5364.803000000001,19684.0,21799998760.0
227,2016-05-13 09:31:00,5494.656999999998,5497.76,5606.528,5465.632,18358.0,20587853360.0
228,2016-05-16 09:31:00,5463.199000000001,5601.656,5609.185,5457.507,19357.0,21749470280.0
229,2016-05-17 09:31:00,5592.149,5587.491,5634.765,5529.361999999999,20427.0,23202930400.0
230,2016-05-18 09:31:00,5527.114000000001,5441.1190000000015,5532.555,5377.353,22170.0,24552137040.0
231,2016-05-19 09:31:00,5414.9969999999985,5431.949000000001,5532.267,5414.9969999999985,22900.0,25444267080.0
232,2016-05-20 09:31:00,5380.105,5496.411,5515.634,5365.105,20547.0,22725524680.0
233,2016-05-23 09:31:00,5554.103,5603.348000000001,5650.924,5547.431,15421.0,17302724080.0
234,2016-05-24 09:31:00,5543.781,5505.075,5553.215,5452.334,15990.0,17764210320.0
235,2016-05-25 09:31:00,5560.335,5467.126,5586.562,5460.636,15750.0,17581659240.0
236,2016-05-26 09:31:00,5464.573,5542.029,5542.143,5376.975,18891.0,20793762520.0
237,2016-05-27 09:31:00,5529.593000000002,5555.261,5586.852,5492.627,16462.0,18372486360.0
238,2016-05-30 09:31:00,5519.727,5551.82,5608.196,5449.118,18320.0,20422564440.0
239,2016-05-31 09:31:00,5569.701999999998,5870.965,5875.8409999999985,5569.701999999998,22427.0,25864907720.0
240,2016-06-01 09:31:00,5861.574000000001,5842.665,5914.983,5835.6709999999985,16546.0,19522488240.0
241,2016-06-02 09:31:00,5851.655,5867.4969999999985,5874.837,5829.914000000002,14844.0,17473504600.0
242,2016-06-03 09:31:00,5867.969,5930.564,5945.169,5844.188,18156.0,21516058480.0
243,2016-06-06 09:31:00,5942.6709999999985,5900.775,5967.219,5883.852,14916.0,17775624840.0
244,2016-06-07 09:31:00,5904.236,5934.352,5937.855,5868.2530000000015,14334.0,17049051520.0
245,2016-06-08 09:31:00,5916.249,5909.696999999999,5939.109,5849.275,15753.0,18716626920.0
246,2016-06-13 09:31:00,5838.576,5636.324000000001,5882.217,5628.834,21498.0,25096644720.0
247,2016-06-14 09:31:00,5644.047,5619.885,5667.985,5592.359,19560.0,22224965640.0
248,2016-06-15 09:31:00,5572.273,5806.566999999999,5842.059,5563.806,22497.0,26114927680.0
249,2016-06-16 09:31:00,5793.459,5771.148,5819.4969999999985,5745.585999999998,20262.0,23704418360.0
250,2016-06-17 09:31:00,5770.728,5767.5340000000015,5867.654,5742.599,21567.0,25282049040.0
251,2016-06-20 09:31:00,5768.235,5800.016,5816.153,5679.7440000000015,15953.0,18435992720.0
252,2016-06-21 09:31:00,5804.929,5688.971,5885.373000000001,5652.161,18351.0,21391248640.0
253,2016-06-22 09:31:00,5678.446,5839.292,5839.78,5672.147,16776.0,19487606720.0
254,2016-06-23 09:31:00,5821.616999999998,5816.2469999999985,5833.9,5755.7930000000015,16449.0,19206731520.0
255,2016-06-24 09:31:00,5801.898,5720.465,5863.392,5588.038000000001,22084.0,25555229000.0
256,2016-06-27 09:31:00,5737.359,5898.9209999999985,5909.294,5735.971,17277.0,20308465000.0
257,2016-06-28 09:31:00,5882.941999999999,5971.574000000001,5975.528,5856.834,16906.0,20135006160.0
258,2016-06-29 09:31:00,5992.963000000002,5983.814,6008.22,5946.049,14500.0,17453594760.0
259,2016-06-30 09:31:00,5979.125,5980.076,5993.014,5951.722,12887.0,15513559320.0
260,2016-07-01 09:31:00,5985.217,5964.887,6031.93,5942.174,15197.0,18329424240.0
261,2016-07-04 09:31:00,5943.884,6087.814,6126.871,5937.0,17690.0,21591770200.0
262,2016-07-05 09:31:00,6095.316,6131.306,6146.521,6093.307,13592.0,16750702600.0
263,2016-07-06 09:31:00,6119.5790000000015,6148.482,6176.559,6091.306,14496.0,17912383920.0
264,2016-07-07 09:31:00,6153.406999999998,6189.925,6203.925,6093.938,17468.0,21657808800.0
265,2016-07-08 09:31:00,6174.8319999999985,6174.745,6205.603,6134.934,14658.0,18255975720.0
266,2016-07-11 09:31:00,6188.7159999999985,6150.9940000000015,6257.89,6146.965,17864.0,22371965200.0
267,2016-07-12 09:31:00,6161.596,6259.109,6267.391,6118.467,20988.0,26237198040.0
268,2016-07-13 09:31:00,6298.882,6303.039000000002,6333.627,6248.481,19884.0,25293357000.0
269,2016-07-14 09:31:00,6290.685,6316.2530000000015,6319.1590000000015,6278.84,16337.0,20783287840.0
270,2016-07-15 09:31:00,6299.078,6284.859,6324.149,6245.361,17493.0,22193776240.0
271,2016-07-18 09:31:00,6280.751,6234.76,6302.54,6223.896,13769.0,17239249840.0
272,2016-07-19 09:31:00,6211.196,6199.557,6225.209,6146.53,14633.0,18263077240.0
273,2016-07-20 09:31:00,6214.424,6189.249,6263.774,6188.103,14603.0,18306602560.0
274,2016-07-21 09:31:00,6197.896,6227.268,6296.741999999998,6194.401,15725.0,19788157520.0
275,2016-07-22 09:31:00,6218.481,6192.323,6249.837,6180.611,13502.0,16915660960.0
276,2016-07-25 09:31:00,6182.199000000001,6208.008000000002,6241.338000000002,6166.63,12838.0,16074564960.0
277,2016-07-26 09:31:00,6202.649,6307.87,6310.146,6202.649,13614.0,17216333760.0
278,2016-07-27 09:31:00,6304.584,6023.065,6330.848000000001,5964.289000000002,21142.0,26209027240.0
279,2016-07-28 09:31:00,6032.722,6042.042,6074.109,5977.917,16001.0,19487583280.0
280,2016-07-29 09:31:00,6056.483,6024.906999999998,6069.1,6003.62,13129.0,15977017120.0
281,2016-08-01 09:31:00,6007.513000000001,5948.396,6022.977,5885.255,15128.0,18095261360.0
282,2016-08-02 09:31:00,5966.911999999998,6004.759,6019.607,5950.7440000000015,12504.0,15085193280.0
283,2016-08-03 09:31:00,5990.513000000001,6032.0909999999985,6045.826999999998,5984.422,13145.0,15923572800.0
284,2016-08-04 09:31:00,6034.512,6088.781,6091.672,6013.915,12398.0,15103598480.0
285,2016-08-05 09:31:00,6077.903,6068.647,6089.386,6051.375,11856.0,14493471800.0
286,2016-08-08 09:31:00,6063.359,6166.664000000002,6167.398,6012.165,15179.0,18643313680.0
287,2016-08-09 09:31:00,6156.678000000001,6214.879,6218.404,6153.727,12441.0,15523766360.0
288,2016-08-10 09:31:00,6213.74,6199.791,6236.4969999999985,6190.974,11340.0,14209051560.0
289,2016-08-11 09:31:00,6195.265,6111.156999999998,6198.321,6110.058000000001,15347.0,19056886360.0
290,2016-08-12 09:31:00,6116.406,6174.905,6206.051,6088.939,16067.0,19872934040.0
291,2016-08-15 09:31:00,6181.525,6333.901,6379.485,6175.467,20560.0,26016077720.0
292,2016-08-16 09:31:00,6353.066999999999,6372.609,6397.066,6348.399,15863.0,20368762560.0
293,2016-08-17 09:31:00,6361.956,6364.651,6381.558000000001,6333.611,15256.0,19570909480.0
294,2016-08-18 09:31:00,6346.59,6353.078,6392.268,6310.601,16393.0,21049601080.0
295,2016-08-19 09:31:00,6337.971,6344.581,6374.669,6305.178000000001,14347.0,18347974920.0
296,2016-08-22 09:31:00,6391.269,6322.08,6426.361,6309.986999999999,11716.0,14861239680.0
297,2016-08-23 09:31:00,6276.138000000001,6251.32,6301.058000000001,6177.722,12115.0,15270681480.0
298,2016-08-24 09:31:00,6270.026,6254.404,6302.733,6238.786999999998,11609.0,14653942280.0
299,2016-08-25 09:31:00,6222.7440000000015,6217.848000000001,6222.925,6129.144,12934.0,16077101960.0
300,2016-08-26 09:31:00,6234.294,6217.43,6314.495,6201.615,13371.0,16852079160.0
301,2016-08-29 09:31:00,6221.0,6263.691999999999,6284.710999999998,6219.5790000000015,11241.0,14164741920.0
302,2016-08-30 09:31:00,6262.571999999999,6265.611999999999,6312.176,6238.741,11842.0,14958681400.0
303,2016-08-31 09:31:00,6262.198,6282.688,6287.154,6210.624,12464.0,15681154920.0
304,2016-09-01 09:31:00,6274.547,6212.441,6291.16,6202.023,11136.0,14042307800.0
305,2016-09-02 09:31:00,6216.321999999999,6207.64,6264.621,6186.535,12352.0,15494221040.0
306,2016-09-05 09:31:00,6229.076,6242.016,6288.524,6229.076,12166.0,15329413720.0
307,2016-09-06 09:31:00,6242.368,6372.767,6376.979,6183.75,16220.0,20542840800.0
308,2016-09-07 09:31:00,6423.363,6356.79,6423.363,6349.348000000001,12780.0,16428737880.0
309,2016-09-08 09:31:00,6352.311,6393.7530000000015,6397.611,6350.843000000002,11439.0,14691759560.0
310,2016-09-09 09:31:00,6381.405,6358.61,6399.113,6354.924,13045.0,16764540640.0
311,2016-09-12 09:31:00,6249.042,6161.93,6257.794,6160.269,18018.0,22556016080.0
312,2016-09-13 09:31:00,6191.071999999999,6180.801,6206.839,6168.0790000000015,15887.0,19824185680.0
313,2016-09-14 09:31:00,6138.78,6133.129,6173.801,6128.37,16586.0,20610238360.0
314,2016-09-19 09:31:00,6131.713000000002,6175.47,6178.87,6131.713000000002,14320.0,17829478880.0
315,2016-09-20 09:31:00,6169.776999999999,6163.856,6179.017,6150.189,8155.0,10116699640.0
316,2016-09-21 09:31:00,6146.435,6167.019,6184.988,6139.767,9582.0,11930302440.0
317,2016-09-22 09:31:00,6197.073,6212.818,6250.4969999999985,6197.073,10722.0,13470303600.0
318,2016-09-23 09:31:00,6228.906999999998,6221.438,6231.748000000001,6208.795,8295.0,10398752600.0
319,2016-09-26 09:31:00,6213.467,6124.703,6219.135,6110.144,12001.0,14936423720.0
320,2016-09-27 09:31:00,6156.22,6168.791,6173.895,6098.047,11294.0,13973435440.0
321,2016-09-28 09:31:00,6160.844,6160.775,6174.903,6141.672,8958.0,11125345080.0
322,2016-09-29 09:31:00,6167.28,6219.706,6229.505,6167.28,11122.0,13916681400.0
323,2016-09-30 09:31:00,6206.049,6237.895,6243.653,6201.424,9091.0,11399622480.0
324,2016-10-10 09:31:00,6258.989000000001,6370.554,6412.2559999999985,6115.187,92259.0,118304074960.0
325,2016-10-20 09:31:00,6373.968000000002,6348.468000000002,6482.3809999999985,6297.443,77728.0,99847841960.0
326,2016-10-31 09:31:00,6343.305,6340.718000000002,6346.42,6295.854,9217.0,11731917360.0
327,2016-11-01 09:31:00,6339.79,6396.31,6402.8409999999985,6336.515,9847.0,12623224600.0
328,2016-11-02 09:31:00,6386.696,6327.923000000002,6389.729,6326.486,9207.0,11790975280.0
329,2016-11-03 09:31:00,6320.123000000001,6360.182,6411.667,6318.517,11728.0,15036313600.0
330,2016-11-04 09:31:00,6360.094,6340.343000000002,6398.343000000002,6328.919,8990.0,11526514480.0
331,2016-11-07 09:31:00,6350.1590000000015,6326.922,6368.891,6319.061,8844.0,11316415040.0
332,2016-11-08 09:31:00,6346.416,6379.0790000000015,6398.484,6339.883000000002,10252.0,13149390280.0
333,2016-11-09 09:31:00,6368.515,6316.201,6382.945,6224.525,14934.0,19035331120.0
334,2016-11-10 09:31:00,6355.291,6455.031,6518.316,6355.291,80546.0,105135684960.0
335,2016-11-21 09:31:00,6481.435,6473.033,6538.719,6375.403,62154.0,81082558040.0
336,2016-11-30 09:31:00,6464.3809999999985,6450.561,6502.755,6423.722,10006.0,13026700400.0
337,2016-12-01 09:31:00,6455.413000000001,6485.224,6505.416,6450.807,8525.0,11123379120.0
338,2016-12-02 09:31:00,6465.002,6347.374,6474.108,6345.019,9704.0,12556792760.0
339,2016-12-05 09:31:00,6306.076999999998,6338.594,6398.106,6306.076999999998,8932.0,11453130040.0
340,2016-12-06 09:31:00,6353.184,6334.727,6383.078,6327.687,8986.0,11517507680.0
341,2016-12-07 09:31:00,6342.004,6386.267,6396.89,6318.6680000000015,10234.0,13115305120.0
342,2016-12-08 09:31:00,6380.044,6376.315,6394.441999999999,6368.187,8991.0,11584564720.0
343,2016-12-09 09:31:00,6358.467,6340.609,6380.104,6340.609,9229.0,11872895240.0
344,2016-12-12 09:31:00,6337.665,6126.54,6368.355,6014.504,76602.0,94823769760.0
345,2016-12-20 09:31:00,6091.4180000000015,6126.726,6166.406999999998,6022.766,57800.0,71420462640.0
346,2016-12-30 09:31:00,6133.815,6131.08,6156.16,6110.566,7292.0,9018080200.0
347,2017-01-03 09:31:00,6150.845,6200.118,6217.77,6143.536,7618.0,9514265240.0
348,2017-01-04 09:31:00,6199.364000000001,6290.95,6297.1590000000015,6191.996,8955.0,11262558360.0
349,2017-01-05 09:31:00,6285.642,6283.368,6296.82,6274.739000000001,6882.0,8705262600.0
350,2017-01-06 09:31:00,6282.831,6259.719,6286.178000000001,6247.069,6947.0,8767696640.0
351,2017-01-09 09:31:00,6257.855,6295.576,6301.901,6252.05,7198.0,9109395400.0
352,2017-01-10 09:31:00,6293.91,6262.249,6299.201999999998,6258.3719999999985,6878.0,8713767760.0
353,2017-01-11 09:31:00,6260.491,6213.86,6292.038000000001,6211.7959999999985,8544.0,10766743440.0
354,2017-01-12 09:31:00,6215.863,6154.001,6233.5030000000015,6148.819,8333.0,10420444600.0
355,2017-01-13 09:31:00,6162.599,6102.718000000002,6176.346,6097.473000000001,10558.0,13071457040.0
356,2017-01-16 09:31:00,6105.099,5912.155,6110.8780000000015,5794.279,15804.0,19004574760.0
357,2017-01-17 09:31:00,5892.356,5963.328,5968.706,5866.035,14175.0,16936272440.0
358,2017-01-18 09:31:00,5948.733,5968.313,5998.021,5935.193,13731.0,16557201720.0
359,2017-01-19 09:31:00,5953.275,5957.811,5980.4659999999985,5918.059,14555.0,17486624560.0
360,2017-01-20 09:31:00,5948.429,6048.488,6067.547,5941.876,15503.0,18799865440.0
361,2017-01-23 09:31:00,6089.8409999999985,6104.776,6193.636,6088.574000000001,8485.0,10350635120.0
362,2017-01-24 09:31:00,6061.073,6067.8,6078.285,6043.174,7287.0,8863302680.0
363,2017-01-25 09:31:00,6052.941,6100.357,6102.3809999999985,6036.875,7050.0,8616507400.0
364,2017-01-26 09:31:00,6099.974,6131.018,6138.916,6099.693,5750.0,7071987720.0
365,2017-02-03 09:31:00,6129.6590000000015,6111.262,6142.102,6029.373000000001,6505.0,7977127440.0
366,2017-02-06 09:31:00,6110.59,6139.291,6149.512,6095.169,8030.0,9887218320.0
367,2017-02-07 09:31:00,6136.387,6116.975,6149.873000000001,6095.289000000002,8532.0,10505561680.0
368,2017-02-08 09:31:00,6114.3690000000015,6172.504,6183.052,6092.5340000000015,9766.0,12047344840.0
369,2017-02-09 09:31:00,6165.044,6203.38,6214.893,6165.044,9107.0,11368529760.0
370,2017-02-10 09:31:00,6199.377,6205.776999999999,6214.779,6184.858,9624.0,12028431560.0
371,2017-02-13 09:31:00,6197.83,6236.4,6248.883000000002,6194.555,9521.0,11954280120.0
372,2017-02-14 09:31:00,6234.34,6231.048000000002,6237.227,6205.854,8777.0,11021075960.0
373,2017-02-15 09:31:00,6222.823,6171.555,6240.433000000001,6166.328,11284.0,14124659680.0
374,2017-02-16 09:31:00,6165.227,6224.8780000000015,6227.529,6162.993,12163.0,15222296080.0
375,2017-02-17 09:31:00,6241.116999999998,6169.63,6267.934,6158.633000000002,14165.0,17682558520.0
376,2017-02-20 09:31:00,6247.264,6341.058000000001,6342.92,6246.87,11935.0,14885504280.0
377,2017-02-21 09:31:00,6247.877,6281.843000000002,6301.187,6242.569,11014.0,13899397800.0
378,2017-02-22 09:31:00,6288.201999999998,6328.7469999999985,6333.155,6278.611999999999,10681.0,13538952880.0
379,2017-02-23 09:31:00,6323.694,6334.589,6342.227,6285.249,11836.0,15030351160.0
380,2017-02-24 09:31:00,6323.485,6348.36,6350.361999999999,6313.194,10045.0,12782938920.0
381,2017-02-27 09:31:00,6343.366,6281.842,6345.078,6268.413000000001,11149.0,14141295440.0
382,2017-02-28 09:31:00,6282.258000000002,6310.509,6319.852,6280.618,10954.0,13895764920.0
383,2017-03-01 09:31:00,6305.861,6329.321,6373.801,6297.334,13062.0,16667316520.0
384,2017-03-02 09:31:00,6339.911999999998,6318.927,6353.2930000000015,6292.25,12110.0,15396662200.0
385,2017-03-03 09:31:00,6309.098000000001,6324.422,6343.239000000001,6273.687,12770.0,16232002440.0
386,2017-03-06 09:31:00,6329.865,6385.343000000002,6405.795,6329.865,11941.0,15339510760.0
387,2017-03-07 09:31:00,6386.665,6385.356,6391.8719999999985,6354.521,10345.0,13277403000.0
388,2017-03-08 09:31:00,6378.0430000000015,6361.695,6378.603,6338.927,10266.0,13161293320.0
389,2017-03-09 09:31:00,6344.182,6298.236999999999,6349.85,6271.015,13780.0,17507477680.0
390,2017-03-10 09:31:00,6290.403,6307.338000000002,6327.399,6290.403,11701.0,14894894920.0
391,2017-03-13 09:31:00,6299.195,6380.276999999999,6383.88,6256.733,15660.0,20025866000.0
392,2017-03-14 09:31:00,6370.989000000001,6357.241999999998,6388.7959999999985,6348.102,12704.0,16338385920.0
393,2017-03-15 09:31:00,6343.739000000001,6345.92,6365.3809999999985,6335.956,14808.0,18993589000.0
394,2017-03-16 09:31:00,6349.722,6428.111,6429.809,6349.722,19018.0,24540975760.0
395,2017-03-17 09:31:00,6416.431,6363.443,6622.674,6348.397,20043.0,25926192280.0
396,2017-03-20 09:31:00,6397.269,6404.693,6411.536999999998,6365.108,11302.0,14433854760.0
397,2017-03-21 09:31:00,6363.686,6378.683000000001,6378.896,6335.8780000000015,10161.0,13000199200.0
398,2017-03-22 09:31:00,6352.483,6363.3690000000015,6373.741999999998,6303.663000000001,12003.0,15338344320.0
399,2017-03-23 09:31:00,6367.883000000002,6382.726,6409.358,6315.92,14699.0,18867022360.0
400,2017-03-24 09:31:00,6378.01,6465.847,6470.87,6378.01,13947.0,18031867240.0
401,2017-03-27 09:31:00,6461.604,6424.28,6469.349,6409.312,12707.0,16430793120.0
402,2017-03-28 09:31:00,6427.094,6412.757,6440.25,6401.798000000002,10998.0,14189818920.0
403,2017-03-29 09:31:00,6418.86,6391.712,6433.464,6351.89,13455.0,17319299120.0
404,2017-03-30 09:31:00,6392.444,6320.775,6402.945,6311.601,16099.0,20535563800.0
405,2017-03-31 09:31:00,6329.531999999998,6333.511,6345.049,6308.4,11551.0,14686628840.0
406,2017-04-05 09:31:00,6355.2930000000015,6486.438,6494.893,6355.2930000000015,15284.0,19809502880.0
407,2017-04-06 09:31:00,6495.683000000001,6482.445,6497.167,6463.73,10892.0,14183752840.0
408,2017-04-07 09:31:00,6477.81,6495.889,6520.649,6455.141,10911.0,14232392040.0
409,2017-04-10 09:31:00,6495.513000000001,6483.769,6506.8290000000015,6479.0340000000015,9607.0,12540227080.0
410,2017-04-11 09:31:00,6487.943,6540.101,6554.816,6449.565,14685.0,19224396800.0
411,2017-04-12 09:31:00,6540.778,6499.391,6545.101,6489.02,12445.0,16326532560.0
412,2017-04-13 09:31:00,6493.312,6550.141,6569.691,6490.103,11953.0,15727420120.0
413,2017-04-14 09:31:00,6546.319,6456.375,6549.566999999999,6443.45,15300.0,19962798840.0
414,2017-04-17 09:31:00,6449.026999999999,6384.724,6451.772,6368.656999999998,16027.0,20646865120.0
415,2017-04-18 09:31:00,6386.263000000001,6362.448,6420.484,6357.236999999999,15610.0,20077042280.0
416,2017-04-19 09:31:00,6341.861,6288.751,6352.557,6219.488,21078.0,26597754960.0
417,2017-04-20 09:31:00,6292.4969999999985,6296.37,6321.558000000001,6260.196,18761.0,23725241880.0
418,2017-04-21 09:31:00,6290.584,6237.555,6317.495,6228.6590000000015,17645.0,22229356120.0
419,2017-04-24 09:31:00,6264.6590000000015,6124.721,6270.8809999999985,6123.42,14937.0,18360138920.0
420,2017-04-25 09:31:00,6097.379,6099.574000000001,6151.183000000001,6087.8690000000015,13104.0,16081052400.0
421,2017-04-26 09:31:00,6101.025,6115.723000000001,6147.12,6101.025,11658.0,14328115080.0
422,2017-04-27 09:31:00,6112.007,6132.929,6151.924,6002.522,16116.0,19643004160.0
423,2017-04-28 09:31:00,6130.56,6150.121,6159.934,6122.042,11518.0,14178672960.0
424,2017-05-02 09:31:00,6146.4569999999985,6140.911999999998,6155.095,6123.986,9389.0,11555037080.0
425,2017-05-03 09:31:00,6135.507,6118.815,6168.529,6100.866,10869.0,13380261280.0
426,2017-05-04 09:31:00,6114.03,6085.986999999999,6177.326999999998,6082.915,13423.0,16505558320.0
427,2017-05-05 09:31:00,6075.969,6017.471,6100.816999999999,6007.533,15101.0,18386176640.0
428,2017-05-08 09:31:00,6015.986,5909.118,6030.013000000001,5905.215,15314.0,18373748320.0
429,2017-05-09 09:31:00,5916.911,5942.433000000001,5954.488,5869.718000000002,16628.0,19752676560.0
430,2017-05-10 09:31:00,5941.26,5793.946,5971.0790000000015,5793.946,17163.0,20357716200.0
431,2017-05-11 09:31:00,5793.854,5776.073,5814.826999999998,5656.145,21280.0,24583350360.0
432,2017-05-12 09:31:00,5780.17,5770.607,5800.321,5734.795,17091.0,19825246560.0
433,2017-05-15 09:31:00,5792.884,5816.85,5848.751,5792.884,16194.0,18938822520.0
434,2017-05-16 09:31:00,5804.914000000002,5958.344,5968.366999999998,5759.352,21065.0,24771755520.0
435,2017-05-17 09:31:00,5947.7440000000015,5967.154,6006.547,5947.288000000001,16856.0,20237808800.0
436,2017-05-18 09:31:00,5924.684,5902.525,5984.945,5891.564,18305.0,21829570720.0
437,2017-05-19 09:31:00,5907.161999999998,5892.861,5929.68,5865.801,16440.0,19472088080.0
438,2017-05-22 09:31:00,5935.949000000001,5840.154,5969.72,5816.151,15500.0,18179774480.0
439,2017-05-23 09:31:00,5796.087,5683.8780000000015,5820.083000000001,5678.64,16572.0,19139299640.0
440,2017-05-24 09:31:00,5676.36,5727.1,5739.307,5610.826,20333.0,23192906400.0
441,2017-05-25 09:31:00,5719.751,5781.269,5830.8409999999985,5660.196999999999,20455.0,23558354520.0
442,2017-05-26 09:31:00,5783.049,5783.233,5831.479,5766.855,15221.0,17715302880.0
443,2017-05-31 09:31:00,5856.502,5741.475,5894.763000000001,5731.736,16578.0,19330901680.0
444,2017-06-01 09:31:00,5724.634,5634.304,5764.738,5625.67,16666.0,19093803280.0
445,2017-06-02 09:31:00,5640.191,5718.991999999998,5741.451,5580.395,19310.0,21919338680.0
446,2017-06-05 09:31:00,5752.446999999999,5741.643,5793.5790000000015,5730.923000000002,16791.0,19416581840.0
447,2017-06-06 09:31:00,5740.167,5769.844,5799.316999999999,5733.469,16201.0,18749090240.0
448,2017-06-07 09:31:00,5772.56,5914.085999999998,5921.639,5772.56,21384.0,25171211680.0
449,2017-06-08 09:31:00,5908.4569999999985,5899.892,5918.3690000000015,5876.164000000002,15010.0,17798136400.0
450,2017-06-09 09:31:00,5890.781999999998,5923.217,5931.0059999999985,5858.509,17547.0,20757410240.0
451,2017-06-12 09:31:00,5897.678000000001,5838.35,5897.678000000001,5834.262,18805.0,22153668360.0
452,2017-06-13 09:31:00,5842.127,5908.53,5944.011,5836.808000000001,20871.0,24757573880.0
453,2017-06-14 09:31:00,5916.36,5905.761,5937.478,5896.854,17985.0,21382431360.0
454,2017-06-15 09:31:00,5902.089,5951.121,5974.154,5901.186,21711.0,25943973520.0
455,2017-06-16 09:31:00,5947.584,5936.486999999999,5958.34,5926.875,16333.0,19497841600.0
456,2017-06-19 09:31:00,5953.460999999998,5998.505,6016.573,5944.715,14388.0,17207559680.0
457,2017-06-20 09:31:00,5976.1,5994.684,6027.629,5974.066,12928.0,15570100520.0
458,2017-06-21 09:31:00,5996.749,5999.943,6003.28,5943.183000000001,14045.0,16854115080.0
459,2017-06-22 09:31:00,5990.973000000001,5913.283,6031.768,5906.047,15332.0,18424572560.0
460,2017-06-23 09:31:00,5925.738,5919.02,5941.589,5828.948,17644.0,20890100600.0
461,2017-06-26 09:31:00,5929.79,6053.213000000002,6059.263000000001,5924.722,17244.0,20761010120.0
462,2017-06-27 09:31:00,6048.219,6030.588000000002,6065.3780000000015,6012.988,13120.0,15914334320.0
463,2017-06-28 09:31:00,6027.545,6016.8319999999985,6044.971,5995.768,11767.0,14219705520.0
464,2017-06-29 09:31:00,6027.625,6039.687,6078.56,6023.52,13837.0,16797423000.0
465,2017-06-30 09:31:00,6028.746,6061.066,6081.1280000000015,6011.7040000000015,12091.0,14678622040.0
466,2017-07-03 09:31:00,6062.86,6107.717,6114.462,6049.857,12099.0,14786045840.0
467,2017-07-04 09:31:00,6107.304,6080.526,6108.203,6053.3719999999985,12162.0,14850051560.0
468,2017-07-05 09:31:00,6075.451999999998,6122.781,6130.8290000000015,6061.941,11919.0,14597200960.0
469,2017-07-06 09:31:00,6120.8690000000015,6108.075,6146.678000000001,6068.118,13381.0,16433787840.0
470,2017-07-07 09:31:00,6105.422,6146.768,6166.873000000001,6096.373000000001,10692.0,13162742480.0
471,2017-07-10 09:31:00,6141.299,6122.871,6169.14,6104.188,12384.0,15267824120.0
472,2017-07-11 09:31:00,6133.981,6063.3780000000015,6133.981,6050.139,14252.0,17455222960.0
473,2017-07-12 09:31:00,6074.533,6036.486999999999,6076.986999999999,5970.57,18236.0,22058649040.0
474,2017-07-13 09:31:00,6040.3,6060.899,6101.098000000001,6032.941999999999,15764.0,19225370840.0
475,2017-07-14 09:31:00,6053.243,6042.8,6071.551,6017.686,12400.0,15082681880.0
476,2017-07-17 09:31:00,6034.475,5780.38,6038.469,5775.838000000002,18883.0,22331953440.0
477,2017-07-18 09:31:00,5800.811,5844.65,5849.002,5767.398,19677.0,22989655080.0
478,2017-07-19 09:31:00,5836.414000000002,5970.866999999998,5982.6280000000015,5824.536999999998,20003.0,23739794240.0
479,2017-07-20 09:31:00,5964.9940000000015,6002.142,6031.32,5964.143,17711.0,21387655960.0
480,2017-07-21 09:31:00,5992.0340000000015,6021.426,6038.3719999999985,5979.929,16015.0,19382596840.0
481,2017-07-24 09:31:00,6025.262,6063.21,6095.036999999998,6011.667,14083.0,17070719840.0
482,2017-07-25 09:31:00,6052.249,6044.2469999999985,6060.976,5989.208000000001,13958.0,16877886760.0
483,2017-07-26 09:31:00,6042.9569999999985,6030.565,6060.478,5997.9540000000015,12831.0,15526224880.0
484,2017-07-27 09:31:00,6024.892,6092.053000000001,6110.441999999999,5977.438,15849.0,19277832400.0
485,2017-07-28 09:31:00,6089.507,6150.759,6160.107,6080.302,13491.0,16569997240.0
486,2017-07-31 09:31:00,6146.726,6231.186,6243.049,6121.095,12689.0,15753333840.0
487,2017-08-01 09:31:00,6231.161999999998,6212.462,6238.483,6192.346,11762.0,14662671640.0
488,2017-08-02 09:31:00,6217.254,6193.113,6255.141,6173.689,13508.0,16841382720.0
489,2017-08-03 09:31:00,6186.047,6201.981,6245.303000000001,6175.039000000002,13394.0,16698444520.0
490,2017-08-04 09:31:00,6206.234,6153.581,6247.435,6147.323,13591.0,16940464000.0
491,2017-08-07 09:31:00,6176.371,6244.042,6247.568,6159.593000000002,11949.0,14883308520.0
492,2017-08-08 09:31:00,6245.943,6236.651,6269.843000000002,6218.853,12029.0,15081907440.0
493,2017-08-09 09:31:00,6230.66,6278.314,6293.959,6228.915,10767.0,13526242920.0
494,2017-08-10 09:31:00,6265.544,6210.478,6281.92,6175.07,14134.0,17689785640.0
495,2017-08-11 09:31:00,6187.566999999999,6101.762,6226.319,6080.177,16998.0,21046503000.0
496,2017-08-14 09:31:00,6118.11,6245.167,6246.23,6117.563,15499.0,19283107800.0
497,2017-08-15 09:31:00,6238.262,6247.819,6264.426,6220.785,14418.0,18073475600.0
498,2017-08-16 09:31:00,6243.866,6259.536999999998,6271.641,6203.972,16477.0,20668774040.0
499,2017-08-17 09:31:00,6269.426,6311.689,6318.176,6240.094,18767.0,23664469520.0
500,2017-08-18 09:31:00,6281.249,6274.999,6301.498000000001,6259.267,16561.0,20864079080.0
501,2017-08-21 09:31:00,6318.629,6377.637,6389.17,6318.629,10507.0,13321982600.0
502,2017-08-22 09:31:00,6336.773,6312.3690000000015,6336.773,6287.728,10644.0,13460535080.0
503,2017-08-23 09:31:00,6305.8,6261.636,6316.059,6223.111999999999,12476.0,15692380640.0
504,2017-08-24 09:31:00,6270.866,6224.703,6280.964,6214.385,11489.0,14397457200.0
505,2017-08-25 09:31:00,6230.221,6305.263000000001,6331.288000000001,6230.1219999999985,13719.0,17273757960.0
506,2017-08-28 09:31:00,6315.866,6394.678000000001,6431.201999999998,6308.161,14543.0,18604198640.0
507,2017-08-29 09:31:00,6394.144,6366.46,6411.889,6345.67,10897.0,13939779560.0
508,2017-08-30 09:31:00,6365.778,6407.725,6431.901,6361.765,10931.0,14024832240.0
509,2017-08-31 09:31:00,6414.923000000002,6435.9540000000015,6446.209,6395.5340000000015,10681.0,13749022600.0
510,2017-09-01 09:31:00,6442.898,6500.195,6520.299,6419.462,12671.0,16452429600.0
511,2017-09-04 09:31:00,6505.993,6519.842,6533.981,6486.206,11040.0,14408708200.0
512,2017-09-05 09:31:00,6516.448,6535.895,6542.7440000000015,6486.853,11243.0,14694980280.0
513,2017-09-06 09:31:00,6524.311,6560.443,6577.746,6511.463000000002,11301.0,14844774200.0
514,2017-09-07 09:31:00,6560.953,6516.401,6580.063,6503.456,11583.0,15217783280.0
515,2017-09-08 09:31:00,6523.076999999998,6517.023,6576.639,6485.557,13437.0,17599974360.0
516,2017-09-11 09:31:00,6519.815,6623.960999999998,6624.654,6517.056,15749.0,20763796600.0
517,2017-09-12 09:31:00,6627.499,6606.625,6687.076,6578.558000000001,17953.0,23908605120.0
518,2017-09-13 09:31:00,6601.36,6637.721,6647.563,6579.776999999999,16547.0,21971337800.0
519,2017-09-14 09:31:00,6625.4209999999985,6629.417,6662.738,6603.093000000002,17987.0,23935012000.0
520,2017-09-15 09:31:00,6617.695,6575.056,6617.695,6542.186,18078.0,23877172600.0
521,2017-09-18 09:31:00,6600.1219999999985,6695.538000000001,6695.745,6595.307,12737.0,16885666480.0
522,2017-09-19 09:31:00,6650.012,6579.637,6668.775,6558.379,12505.0,16587162200.0
523,2017-09-20 09:31:00,6587.451,6649.785,6667.641,6570.098000000001,12305.0,16341178520.0
524,2017-09-21 09:31:00,6654.206,6573.04,6657.887,6553.44,13049.0,17274505520.0
525,2017-09-22 09:31:00,6563.355,6509.739000000001,6563.355,6470.595,12792.0,16713781520.0
526,2017-09-25 09:31:00,6515.788000000001,6415.934,6533.396,6407.757,12490.0,16214989280.0
527,2017-09-26 09:31:00,6431.667,6460.373000000001,6473.766,6427.718000000002,10898.0,14100893840.0
528,2017-09-27 09:31:00,6464.502,6538.004,6560.155,6464.502,10717.0,14026233600.0
529,2017-09-28 09:31:00,6540.178000000001,6530.5,6575.789000000002,6494.18,9543.0,12507998000.0
530,2017-09-29 09:31:00,6541.585,6576.475,6601.154,6526.385,10592.0,13945027160.0
531,2017-10-09 09:31:00,6638.774,6664.03,6695.666,6629.803000000001,11613.0,15502172960.0
532,2017-10-10 09:31:00,6666.605,6457.542,6707.227,6446.655,108746.0,143846525200.0
533,2017-10-20 09:31:00,6458.397,6579.986999999999,6649.462,6451.852,76648.0,100563809960.0
534,2017-10-30 09:31:00,6577.834,6485.699000000001,6583.788000000001,6389.45,26310.0,34069090400.0
535,2017-11-01 09:31:00,6488.01,6456.501,6541.068,6454.936,12265.0,15984647680.0
536,2017-11-02 09:31:00,6458.031,6415.88,6466.055,6382.377,12019.0,15487235600.0
537,2017-11-03 09:31:00,6411.951999999998,6335.337,6437.999,6297.074000000001,13555.0,17302691480.0
538,2017-11-06 09:31:00,6343.524,6443.982,6452.065,6330.148,12810.0,16414980160.0
539,2017-11-07 09:31:00,6445.187,6484.429,6489.468000000002,6424.471,12350.0,15991496080.0
540,2017-11-08 09:31:00,6483.1280000000015,6511.276999999999,6556.52,6475.717,12551.0,16419831080.0
541,2017-11-09 09:31:00,6513.312,6568.7440000000015,6571.094,6507.315,10653.0,13958389480.0
542,2017-11-10 09:31:00,6561.661999999998,6322.45,6632.955,6307.456,84919.0,111098157600.0
543,2017-11-20 09:31:00,6356.663000000001,6253.769,6456.686,6113.357,105217.0,132368672680.0
544,2017-11-30 09:31:00,6246.189,6181.88,6270.15,6172.217,11676.0,14575825680.0
545,2017-12-01 09:31:00,6196.553000000001,6257.583000000001,6303.061,6194.134,11736.0,14722147560.0
546,2017-12-04 09:31:00,6258.7159999999985,6212.076,6306.603,6196.7440000000015,12445.0,15580640720.0
547,2017-12-05 09:31:00,6208.139,6075.643,6225.031999999998,6040.281999999998,13464.0,16552727760.0
548,2017-12-06 09:31:00,6075.3319999999985,6107.887,6114.97,6001.2530000000015,16193.0,19689398360.0
549,2017-12-07 09:31:00,6121.896,6059.387,6141.983,6056.02,14359.0,17573482080.0
550,2017-12-08 09:31:00,6065.728,6144.333000000001,6184.861999999999,6064.473000000001,14850.0,18285926920.0
551,2017-12-11 09:31:00,6161.941,6209.514,6246.324000000001,6132.764,99926.0,124316509120.0
552,2017-12-20 09:31:00,6205.058000000001,6266.342,6288.011,6086.268,84398.0,104615017760.0
553,2018-01-02 09:31:00,6260.552,6329.054,6338.868,6251.906999999998,10571.0,13339371520.0
554,2018-01-03 09:31:00,6331.414000000002,6370.74,6394.0430000000015,6321.648,10281.0,13103339280.0
555,2018-01-04 09:31:00,6360.839,6386.292,6393.195,6359.729,8291.0,10599555720.0
556,2018-01-05 09:31:00,6385.743,6377.505,6405.188,6363.691999999999,8934.0,11429912680.0
557,2018-01-08 09:31:00,6378.905,6410.831,6418.31,6355.7559999999985,9174.0,11759004960.0
558,2018-01-09 09:31:00,6410.321999999999,6410.448,6412.866,6380.683000000001,8363.0,10728506720.0
559,2018-01-10 09:31:00,6398.557,6383.525,6407.153,6335.616,9972.0,12729469360.0
560,2018-01-11 09:31:00,6365.556,6397.109,6415.104,6347.949000000001,10124.0,12959246760.0
561,2018-01-12 09:31:00,6396.696999999999,6372.5909999999985,6396.95,6345.401,10043.0,12840036240.0
562,2018-01-15 09:31:00,6364.508000000002,6244.225,6366.785,6215.73,12848.0,16195418080.0
563,2018-01-16 09:31:00,6236.308000000001,6254.7,6286.257,6236.308000000001,14157.0,17769118160.0
564,2018-01-17 09:31:00,6250.29,6218.87,6262.436,6159.109,17496.0,21798650600.0
565,2018-01-18 09:31:00,6222.5909999999985,6251.209,6278.826999999998,6210.298000000002,14788.0,18536968880.0
566,2018-01-19 09:31:00,6252.1309999999985,6224.8690000000015,6291.965,6217.632,14078.0,17654927600.0
567,2018-01-22 09:31:00,6245.525,6357.238,6368.198,6210.016,12910.0,16234662560.0
568,2018-01-23 09:31:00,6332.105,6332.324000000001,6362.5790000000015,6310.173000000002,9852.0,12490021280.0
569,2018-01-24 09:31:00,6331.174,6397.399,6418.297,6314.914000000002,13478.0,17183598240.0
570,2018-01-25 09:31:00,6390.343000000002,6378.624,6440.82,6374.485,11314.0,14516797320.0
571,2018-01-26 09:31:00,6385.051,6388.865,6402.335,6367.6309999999985,8962.0,11453690960.0
572,2018-01-29 09:31:00,6386.813,6297.888000000001,6423.061,6276.934,12178.0,15457163320.0
573,2018-01-30 09:31:00,6292.344,6287.79,6329.234,6276.172,9523.0,12035660840.0
574,2018-01-31 09:31:00,6260.366999999998,6166.145,6265.104,6141.642,12635.0,15673738840.0
575,2018-02-01 09:31:00,6169.148,5954.491,6195.361,5949.88,15103.0,18336992440.0
576,2018-02-02 09:31:00,5940.773,5965.234,5995.075,5821.361,14923.0,17745795880.0
577,2018-02-05 09:31:00,5920.655,5955.155,5988.075,5896.922,11091.0,13211904160.0
578,2018-02-06 09:31:00,5884.1,5665.401,5907.785,5632.544,16068.0,18672299200.0
579,2018-02-07 09:31:00,5780.47,5640.061,5815.486999999999,5583.515,17722.0,20269859560.0
580,2018-02-08 09:31:00,5653.738,5721.93,5778.549,5653.738,15382.0,17678141240.0
581,2018-02-09 09:31:00,5623.28,5482.525,5651.824000000001,5430.5790000000015,18220.0,20266500760.0
582,2018-02-12 09:31:00,5534.263000000001,5633.975,5694.033,5534.263000000001,16208.0,18285539480.0
583,2018-02-13 09:31:00,5667.298000000002,5683.804,5752.048000000002,5667.298000000002,15102.0,17282529560.0
584,2018-02-14 09:31:00,5676.719,5699.856,5707.509,5655.239000000001,11764.0,13404440760.0
585,2018-02-22 09:31:00,5761.145,5811.749,5822.991999999998,5729.821,13189.0,15294304320.0
586,2018-02-23 09:31:00,5820.544,5825.115,5845.265,5771.735,10394.0,12079002120.0
587,2018-02-26 09:31:00,5854.343000000002,5981.86,5990.548000000002,5843.084,12891.0,15287464720.0
588,2018-02-27 09:31:00,5973.755,5957.136,6000.172,5942.013000000001,10668.0,12770975160.0
589,2018-02-28 09:31:00,5938.649,5957.931,5998.234,5894.4540000000015,11539.0,13769754160.0
590,2018-03-01 09:31:00,5940.265,6032.026,6046.882,5918.641,12167.0,14629129720.0
591,2018-03-02 09:31:00,5988.163000000001,6005.001,6038.526999999999,5975.805,12137.0,14607496960.0
592,2018-03-05 09:31:00,6010.928000000001,5987.051,6034.898,5940.158,11199.0,13440972680.0
593,2018-03-06 09:31:00,5996.495,6078.241,6081.241,5992.251,12622.0,15295754640.0
594,2018-03-07 09:31:00,6059.929,5994.127,6069.319,5987.701999999998,12810.0,15521355400.0
595,2018-03-08 09:31:00,6009.897,6058.83,6069.531,6001.209,11718.0,14205234640.0
596,2018-03-09 09:31:00,6063.144,6158.444,6165.879,6056.814,13519.0,16587603280.0
597,2018-03-12 09:31:00,6189.976,6237.074000000001,6252.477,6184.861,14430.0,18030356200.0
598,2018-03-13 09:31:00,6232.151,6193.86,6239.544,6187.936,13928.0,17388127640.0
599,2018-03-14 09:31:00,6193.814,6121.584,6204.7159999999985,6106.134,16146.0,19979131480.0
600,2018-03-15 09:31:00,6105.303000000001,6103.975,6152.056,6036.648,19683.0,24108796280.0
601,2018-03-16 09:31:00,6087.281,6058.183000000001,6124.863,6048.1309999999985,15977.0,19585501600.0
602,2018-03-19 09:31:00,6061.129,6045.434,6122.53,6012.472,11767.0,14335836160.0
603,2018-03-20 09:31:00,6004.9569999999985,6052.113,6082.298000000002,5974.484,11298.0,13714728680.0
604,2018-03-21 09:31:00,6067.087,5990.736999999999,6135.93,5979.585999999998,13021.0,15914095560.0
605,2018-03-22 09:31:00,6028.384,5986.91,6062.575,5952.988,13249.0,16005718040.0
606,2018-03-23 09:31:00,5838.599,5613.271,5875.414000000002,5587.77,17548.0,20298119480.0
607,2018-03-26 09:31:00,5616.6309999999985,5795.386,5804.578,5586.892,14632.0,16794314200.0
608,2018-03-27 09:31:00,5851.553000000001,5956.564,5960.656999999998,5849.377,14710.0,17493853920.0
609,2018-03-28 09:31:00,5898.958000000001,5865.009,5928.7559999999985,5845.805,14704.0,17420101240.0
610,2018-03-29 09:31:00,5910.307,5962.574000000001,5970.0819999999985,5849.852,14209.0,16871598480.0
611,2018-03-30 09:31:00,5966.047,6054.249,6057.394,5966.047,12038.0,14547894520.0
612,2018-04-02 09:31:00,6062.802,6033.535,6114.076,6020.335,12231.0,14913885720.0
613,2018-04-03 09:31:00,5955.826,5978.611999999999,6002.406999999998,5909.451,12742.0,15259126960.0
614,2018-04-04 09:31:00,6007.068,5929.231,6038.126,5908.536,12113.0,14551935920.0
615,2018-04-09 09:31:00,5938.5340000000015,5932.641,6001.914000000002,5877.616999999998,13104.0,15666409120.0
616,2018-04-10 09:31:00,5946.636,5998.069,5999.459,5907.344,14498.0,17354743120.0
617,2018-04-11 09:31:00,6021.223000000001,6003.673000000002,6050.054,5997.259,12152.0,14710277160.0
618,2018-04-12 09:31:00,6000.388000000001,5971.993,6030.626,5953.536,11378.0,13717614240.0
619,2018-04-13 09:31:00,5990.4209999999985,5955.934,6026.844,5932.802,12773.0,15360270080.0
620,2018-04-16 09:31:00,5961.024,5931.596,5998.655,5879.644,13873.0,16588534200.0
621,2018-04-17 09:31:00,5938.203,5823.886,5972.233,5797.594,17565.0,20787718920.0
622,2018-04-18 09:31:00,5862.788000000001,5887.922,5931.33,5750.474,22269.0,26173803280.0
623,2018-04-19 09:31:00,5904.1190000000015,5930.507,5994.715,5889.898,19940.0,23851820600.0
624,2018-04-20 09:31:00,5921.331,5814.154,5922.672,5784.413000000001,18839.0,22197073400.0
625,2018-04-23 09:31:00,5824.355,5763.342,5865.863,5679.8690000000015,13632.0,15740976200.0
626,2018-04-24 09:31:00,5739.419,5875.986999999999,5898.63,5739.419,13373.0,15695016800.0
627,2018-04-25 09:31:00,5864.416,5874.868,5897.781999999998,5849.809,10588.0,12492190200.0
628,2018-04-26 09:31:00,5873.136,5773.68,5886.925,5761.531,12155.0,14197120720.0
629,2018-04-27 09:31:00,5793.945,5815.897,5818.595,5737.388000000001,12701.0,14768851920.0
630,2018-05-02 09:31:00,5826.47,5792.866999999998,5852.045,5749.313,11045.0,12850578440.0
631,2018-05-03 09:31:00,5781.618,5855.982,5883.186,5709.693,13861.0,16124672520.0
632,2018-05-04 09:31:00,5857.725,5843.885,5883.606,5824.871,11024.0,12961276240.0
633,2018-05-07 09:31:00,5857.88,5962.643,5982.806,5853.566,12587.0,14996911200.0
634,2018-05-08 09:31:00,5970.595,5987.2840000000015,5990.979,5952.754,10211.0,12254540560.0
635,2018-05-09 09:31:00,5981.179,5966.786999999998,5998.486999999999,5940.254,8825.0,10580911600.0
636,2018-05-10 09:31:00,5970.439,5991.441,6009.505,5928.6590000000015,10226.0,12273382040.0
637,2018-05-11 09:31:00,5993.439,5949.779,6001.473000000001,5938.052,10808.0,12951930640.0
638,2018-05-14 09:31:00,5954.951,5921.353,5972.158,5897.196,11813.0,14095291320.0
639,2018-05-15 09:31:00,5927.4940000000015,5973.828,5979.335,5904.221,14199.0,16944903360.0
640,2018-05-16 09:31:00,5963.229,5963.036999999998,5995.901,5945.6590000000015,15790.0,18929112600.0
641,2018-05-17 09:31:00,5956.7040000000015,5916.991,5966.736,5906.888000000001,17546.0,20907552800.0
642,2018-05-18 09:31:00,5910.194,5953.178000000001,5955.84,5868.84,16502.0,19591633840.0
643,2018-05-21 09:31:00,6020.864000000001,6042.4180000000015,6084.871,6020.864000000001,11561.0,13951553800.0
644,2018-05-22 09:31:00,5999.08,6041.417,6047.436,5992.606,9078.0,10954617280.0
645,2018-05-23 09:31:00,6035.401,5964.888000000001,6035.401,5885.12,11479.0,13779867440.0
646,2018-05-24 09:31:00,5966.294,5939.766,5979.429,5925.009,9577.0,11433201720.0
647,2018-05-25 09:31:00,5935.422,5848.587,5939.499,5839.066,11012.0,12992905720.0
648,2018-05-28 09:31:00,5857.814,5850.815,5900.802,5810.033,11090.0,13014441360.0
649,2018-05-29 09:31:00,5844.776,5765.906,5878.928000000001,5763.529,12192.0,14248887880.0
650,2018-05-30 09:31:00,5716.665,5625.354,5719.6,5618.009,14436.0,16419716840.0
651,2018-05-31 09:31:00,5659.065,5709.802,5719.462,5623.445,12625.0,14372837480.0
652,2018-06-01 09:31:00,5685.2,5631.319,5697.222,5592.346,11908.0,13485145440.0
653,2018-06-04 09:31:00,5646.111999999999,5636.29,5659.735,5598.552,12006.0,13563961040.0
654,2018-06-05 09:31:00,5637.404,5735.473000000001,5738.569,5637.404,12889.0,14700174480.0
655,2018-06-06 09:31:00,5735.9969999999985,5729.563,5735.9969999999985,5691.502,10966.0,12576665360.0
656,2018-06-07 09:31:00,5736.458000000001,5693.768,5759.883000000002,5668.943,12532.0,14342519200.0
657,2018-06-08 09:31:00,5680.824000000001,5617.885,5685.517,5569.428000000001,14409.0,16239362960.0
658,2018-06-11 09:31:00,5606.783,5594.519,5633.536,5547.292,16528.0,18568177560.0
659,2018-06-12 09:31:00,5594.781999999998,5637.286,5655.479,5545.238,18327.0,20637753360.0
660,2018-06-13 09:31:00,5619.735,5544.651999999999,5627.246,5540.096,18118.0,20360936320.0
661,2018-06-14 09:31:00,5522.602,5526.88,5589.633000000002,5503.941,19843.0,22114934320.0
662,2018-06-15 09:31:00,5512.5909999999985,5407.12,5535.339,5318.614000000001,20396.0,22301804720.0
663,2018-06-19 09:31:00,5366.323,5047.791,5366.323,4949.804,16678.0,17274793720.0
664,2018-06-20 09:31:00,4999.697,5099.553,5140.636,4988.817,15128.0,15390337560.0
665,2018-06-21 09:31:00,5107.147,4970.747,5154.853,4958.634,16209.0,16471032360.0
666,2018-06-22 09:31:00,4957.818,5067.73,5083.814,4924.061,16040.0,16201935760.0
667,2018-06-25 09:31:00,5094.042,4989.809,5115.5059999999985,4989.809,13378.0,13618196240.0
668,2018-06-26 09:31:00,4972.884,5052.25,5093.481,4960.328,15917.0,16115859200.0
669,2018-06-27 09:31:00,5056.826,4959.276,5109.826,4953.651,16527.0,16754779840.0
670,2018-06-28 09:31:00,4964.27,4964.027,5075.618,4944.15,15993.0,16122419360.0
671,2018-06-29 09:31:00,4985.277,5146.291,5166.04,4962.373,17218.0,17557091520.0
672,2018-07-02 09:31:00,5140.973,5055.64,5183.462,4994.624,16936.0,17358825120.0
673,2018-07-03 09:31:00,5068.686,5101.874,5138.371,4950.4079999999985,18763.0,19060890480.0
674,2018-07-04 09:31:00,5094.58,5040.08,5108.499,5000.287,15692.0,15936144520.0
675,2018-07-05 09:31:00,5027.429,4875.038,5042.7440000000015,4874.212,19329.0,19314752400.0
676,2018-07-06 09:31:00,4888.378,4901.525,4998.7959999999985,4809.923,21163.0,20940588120.0
677,2018-07-09 09:31:00,4933.199000000001,5041.626,5044.18,4933.199000000001,15473.0,15557753880.0
678,2018-07-10 09:31:00,5044.915,5064.544,5075.678,5002.0340000000015,14770.0,14984986200.0
679,2018-07-11 09:31:00,4945.066,4956.813,4997.315,4872.655,18995.0,18882175240.0
680,2018-07-12 09:31:00,4960.323,5128.527,5138.491,4960.323,20882.0,21327814600.0
681,2018-07-13 09:31:00,5126.325,5135.912,5151.953,5099.2159999999985,14323.0,14784683920.0
682,2018-07-16 09:31:00,5139.26,5139.958,5163.44,5092.475,16985.0,17524188400.0
683,2018-07-17 09:31:00,5137.087,5125.097,5138.832,5056.864000000001,19969.0,20525214080.0
684,2018-07-18 09:31:00,5133.1579999999985,5092.821,5168.106,5084.721,20448.0,21115770800.0
685,2018-07-19 09:31:00,5096.098,5044.537,5115.365,5011.4209999999985,21486.0,21898060000.0
686,2018-07-20 09:31:00,5026.922000000001,5115.301,5134.227,4999.269,21900.0,22313709640.0
687,2018-07-23 09:31:00,5100.445,5178.153,5190.295,5090.68,15931.0,16396723360.0
688,2018-07-24 09:31:00,5167.96,5272.096,5303.58,5167.96,17692.0,18636825040.0
689,2018-07-25 09:31:00,5275.475,5274.382,5308.164000000002,5256.078,12155.0,12856947240.0
690,2018-07-26 09:31:00,5273.071999999999,5238.057,5283.25,5216.281,12868.0,13543163000.0
691,2018-07-27 09:31:00,5242.107,5206.375,5253.638000000001,5180.279,13254.0,13881356720.0
692,2018-07-30 09:31:00,5199.749,5115.334,5219.288,5112.519,14186.0,14689767000.0
693,2018-07-31 09:31:00,5120.0,5128.97,5177.335,5105.073,12695.0,13092629320.0
694,2018-08-01 09:31:00,5155.573,5038.002,5210.91,5023.149,16925.0,17417348440.0
695,2018-08-02 09:31:00,5034.112,4910.168,5040.913,4802.649,20552.0,20263126520.0
696,2018-08-03 09:31:00,4912.887,4840.918,4953.026,4836.09,16464.0,16182546760.0
697,2018-08-06 09:31:00,4842.795,4765.548,4872.382000000001,4722.407,18214.0,17566284160.0
698,2018-08-07 09:31:00,4782.624,4894.207,4909.413,4731.168,18510.0,17944899040.0
699,2018-08-08 09:31:00,4889.309,4814.753,4889.309,4790.207,16426.0,15996049200.0
700,2018-08-09 09:31:00,4803.294,4941.661,4990.932,4795.8690000000015,20086.0,19875385000.0
701,2018-08-10 09:31:00,4945.436,4973.232,4986.707,4928.246,13942.0,13897510120.0
702,2018-08-13 09:31:00,4951.237,5004.813,5031.599,4890.233,18977.0,18905315680.0
703,2018-08-14 09:31:00,5003.210999999998,4992.08,5008.115,4954.391,18094.0,18117060560.0
704,2018-08-15 09:31:00,4987.019,4874.002,4987.019,4846.418,22141.0,21840107360.0
705,2018-08-16 09:31:00,4818.724,4814.053,4897.757000000001,4768.559,23878.0,23226363800.0
706,2018-08-17 09:31:00,4856.809,4729.582,4882.179,4697.427,20598.0,19854980160.0
707,2018-08-20 09:31:00,4741.417,4778.205,4792.066,4680.627,16854.0,15958821320.0
708,2018-08-21 09:31:00,4765.807,4802.602,4854.629,4739.264,16549.0,15932049960.0
709,2018-08-22 09:31:00,4795.706,4783.379,4805.499,4750.15,13991.0,13403214400.0
710,2018-08-23 09:31:00,4777.331,4802.279,4834.833,4722.977,19223.0,18474232560.0
711,2018-08-24 09:31:00,4790.014,4784.145,4822.168,4751.523,15026.0,14427892240.0
712,2018-08-27 09:31:00,4807.766,4905.8409999999985,4919.974,4796.147,15766.0,15414662360.0
713,2018-08-28 09:31:00,4913.551,4910.392,4930.92,4884.833,12464.0,12268521240.0
714,2018-08-29 09:31:00,4907.321,4889.396,4909.345,4855.584,12711.0,12446322040.0
715,2018-08-30 09:31:00,4888.981,4817.258,4894.365,4799.051,14711.0,14270878880.0
716,2018-08-31 09:31:00,4794.374,4755.878,4806.993,4729.873,15826.0,15156430240.0
717,2018-09-03 09:31:00,4745.714,4790.16,4791.794,4686.42,15965.0,15180689600.0
718,2018-09-04 09:31:00,4786.365,4826.543,4863.955,4768.839,15901.0,15364753920.0
719,2018-09-05 09:31:00,4820.63,4753.289000000002,4836.651,4751.539000000002,14431.0,13904671400.0
720,2018-09-06 09:31:00,4745.52,4733.6,4804.384,4708.318,16158.0,15452305680.0
721,2018-09-07 09:31:00,4745.953,4729.372,4831.268,4687.269,19576.0,18714219400.0
722,2018-09-10 09:31:00,4725.675,4648.797000000001,4735.116,4638.039000000002,16251.0,15265686440.0
723,2018-09-11 09:31:00,4648.517,4655.524,4695.203,4615.855,16814.0,15710809560.0
724,2018-09-12 09:31:00,4654.099,4633.863,4686.321,4616.464,17276.0,16158462000.0
725,2018-09-13 09:31:00,4686.701,4671.317,4727.393,4593.709,20722.0,19407852840.0
726,2018-09-14 09:31:00,4672.8409999999985,4609.83,4681.685,4608.985,17184.0,16042917000.0
727,2018-09-17 09:31:00,4596.442,4553.196,4596.442,4526.423,18719.0,17151827840.0
728,2018-09-18 09:31:00,4540.2829999999985,4625.011,4642.151,4527.028,26140.0,24094358280.0
729,2018-09-19 09:31:00,4620.935,4674.209,4725.108,4606.832,25868.0,24318880320.0
730,2018-09-20 09:31:00,4671.724,4688.607,4718.136,4669.371,20409.0,19263107800.0
731,2018-09-21 09:31:00,4692.664000000002,4804.618,4805.577,4673.077,24814.0,23582136680.0
732,2018-09-25 09:31:00,4779.425,4775.835999999998,4794.378,4737.201,14223.0,13576014920.0
733,2018-09-26 09:31:00,4769.58,4767.637,4819.547000000001,4736.984,17052.0,16363829360.0
734,2018-09-27 09:31:00,4769.0059999999985,4733.486,4786.522,4716.765,13521.0,12903333960.0
735,2018-09-28 09:31:00,4736.979,4791.642,4796.4540000000015,4703.68,16199.0,15452217560.0
736,2018-10-08 09:31:00,4705.517,4628.483,4712.572,4614.155,15794.0,14789468560.0
737,2018-10-09 09:31:00,4632.312,4602.7559999999985,4665.58,4585.035,15633.0,14492881800.0
738,2018-10-10 09:31:00,4605.282,4063.112,4644.181,3926.218,200664.0,168314430160.0
739,2018-10-22 09:31:00,4123.856,4126.482,4360.338,4052.051,130885.0,110193428840.0
740,2018-10-30 09:31:00,4115.444,4231.861,4283.623,4039.17,45765.0,38391746520.0
741,2018-11-01 09:31:00,4270.747,4259.154,4353.453,4255.222,23049.0,19897515640.0
742,2018-11-02 09:31:00,4374.315,4416.154,4426.339,4327.469,27007.0,23717826400.0
743,2018-11-05 09:31:00,4405.509,4411.676,4443.226,4332.249,23273.0,20481860840.0
744,2018-11-06 09:31:00,4402.417,4417.737,4424.419,4346.109,19502.0,17138392640.0
745,2018-11-07 09:31:00,4418.718,4367.819,4465.173,4365.2829999999985,23939.0,21229725280.0
746,2018-11-08 09:31:00,4412.3290000000015,4349.163,4424.964,4344.687,20387.0,17925852400.0
747,2018-11-09 09:31:00,4327.209,4345.988,4377.448,4314.185,18223.0,15909753480.0
748,2018-11-12 09:31:00,4345.208,4678.077,4703.521,4331.813,155333.0,141661338080.0
749,2018-11-20 09:31:00,4616.252,4295.064,4623.4,4257.287,170899.0,151216485440.0
750,2018-11-30 09:31:00,4288.689,4309.569,4340.555,4220.208,22812.0,19603913920.0
751,2018-12-03 09:31:00,4464.542,4455.644,4507.896,4404.59,28382.0,25406262720.0
752,2018-12-04 09:31:00,4446.099,4496.738,4510.063,4436.513,28928.0,25935852720.0
753,2018-12-05 09:31:00,4411.924,4452.594,4507.016,4409.096,36576.0,32681465320.0
754,2018-12-06 09:31:00,4415.838,4370.721,4442.952,4355.847,35838.0,31566820160.0
755,2018-12-07 09:31:00,4389.923,4367.542,4401.327,4363.902,25097.0,22038982640.0
756,2018-12-10 09:31:00,4337.832,4199.817,4449.949000000001,4198.122,289565.0,250887542360.0
757,2018-12-20 09:31:00,4191.92,4098.609,4257.356,4066.311,263475.0,220736334280.0
758,2019-01-02 09:31:00,4106.978,4074.292,4124.77,4064.031,28986.0,23812301320.0
759,2019-01-03 09:31:00,4075.885,4062.054,4144.576,4053.361,33778.0,27708212960.0
760,2019-01-04 09:31:00,4037.593,4182.895,4183.722,4032.937,40169.0,33173842480.0
761,2019-01-07 09:31:00,4189.962,4243.531,4267.273,4169.971,38643.0,32756049120.0
762,2019-01-08 09:31:00,4237.847,4242.114000000001,4256.623,4221.173,28539.0,24305675680.0
763,2019-01-09 09:31:00,4258.8420000000015,4244.985,4334.047000000001,4238.3290000000015,42310.0,36417901960.0
764,2019-01-10 09:31:00,4244.855,4249.593,4296.12,4234.813,34963.0,29938338520.0
765,2019-01-11 09:31:00,4287.422000000001,4283.517,4290.957,4223.031,38376.0,32846773880.0
766,2019-01-14 09:31:00,4282.379,4262.509,4302.210999999998,4246.904,33110.0,28362173280.0
767,2019-01-15 09:31:00,4263.828,4328.879,4335.353,4235.379,46495.0,39986677760.0
768,2019-01-16 09:31:00,4323.313,4316.014,4347.043,4301.98,39245.0,34028133360.0
769,2019-01-17 09:31:00,4312.186,4280.081,4327.197,4271.02,49049.0,42274102320.0
770,2019-01-18 09:31:00,4291.69,4325.893,4335.821,4268.477,51528.0,44451266200.0
771,2019-01-21 09:31:00,4352.439,4361.183,4404.838,4338.638,35972.0,31374595520.0
772,2019-01-22 09:31:00,4344.989000000001,4277.071,4344.989000000001,4256.567,32358.0,27882986480.0
773,2019-01-23 09:31:00,4268.758,4283.772,4301.714,4259.062,29210.0,25067386800.0
774,2019-01-24 09:31:00,4285.508,4316.828,4353.063,4255.715,38408.0,33174641040.0
775,2019-01-25 09:31:00,4324.661,4295.222,4348.797000000001,4293.308,35761.0,30967011000.0
776,2019-01-28 09:31:00,4322.337,4276.804,4364.853,4272.761,34623.0,29950977840.0
777,2019-01-29 09:31:00,4271.942,4226.072,4275.181,4161.589,43450.0,36733240120.0
778,2019-01-30 09:31:00,4208.255,4182.666,4251.012,4182.174,33779.0,28563687760.0
779,2019-01-31 09:31:00,4188.137,4164.245,4226.97,4118.196,41152.0,34474399680.0
780,2019-02-01 09:31:00,4177.032,4298.191,4300.138,4177.032,45477.0,38628390440.0
781,2019-02-11 09:31:00,4302.036,4393.683,4399.002,4300.184,37196.0,32390555360.0
782,2019-02-12 09:31:00,4396.945,4420.512,4449.852,4386.806,39828.0,35253059320.0
783,2019-02-13 09:31:00,4428.931,4500.485,4524.087,4414.226,47659.0,42642691320.0
784,2019-02-14 09:31:00,4495.241,4526.236,4552.071,4485.17,41173.0,37200676600.0
785,2019-02-15 09:31:00,4517.69,4493.133,4540.819,4483.728,41247.0,37306362920.0
786,2019-02-18 09:31:00,4558.831,4705.186,4714.155,4558.831,40535.0,37353574880.0
787,2019-02-19 09:31:00,4682.559,4651.239000000001,4710.12,4605.742,51138.0,47714273720.0
788,2019-02-20 09:31:00,4668.572,4642.577,4673.316,4609.496,42651.0,39661450480.0
789,2019-02-21 09:31:00,4640.709,4649.835,4749.197,4625.227,55374.0,51865611840.0
790,2019-02-22 09:31:00,4641.852,4793.695,4796.281,4638.446,53494.0,50329448080.0
791,2019-02-25 09:31:00,4859.874,5122.623,5132.944,4829.710999999998,72861.0,72168985040.0
792,2019-02-26 09:31:00,5105.111,5062.537,5172.126,5027.374,72311.0,73619845720.0
793,2019-02-27 09:31:00,5079.053,5011.198,5105.245,4965.076,65247.0,66028839360.0
794,2019-02-28 09:31:00,5018.652,5028.473,5079.543,4995.993,55311.0,55750412080.0
795,2019-03-01 09:31:00,5062.414000000002,5071.51,5078.768,4971.078,64054.0,64382287480.0
796,2019-03-04 09:31:00,5111.9079999999985,5133.199000000001,5251.385,5088.081,72266.0,74761402160.0
797,2019-03-05 09:31:00,5134.447,5286.861999999999,5292.738,5130.803,67797.0,70663264800.0
798,2019-03-06 09:31:00,5309.658,5388.904,5403.264,5233.35,80130.0,85217793000.0
799,2019-03-07 09:31:00,5380.276,5427.823,5518.488,5346.264,83736.0,90678447600.0
800,2019-03-08 09:31:00,5310.134,5284.835,5462.388000000001,5246.691,103890.0,111378829240.0
801,2019-03-11 09:31:00,5320.3290000000015,5438.904,5451.6590000000015,5284.411999999998,84350.0,90665477240.0
802,2019-03-12 09:31:00,5485.791,5532.469,5586.558000000001,5449.334,96063.0,106129166160.0
803,2019-03-13 09:31:00,5531.182,5383.963000000002,5533.281,5340.366999999998,108927.0,119000420600.0
804,2019-03-14 09:31:00,5364.642,5270.479,5392.165,5231.344,95375.0,101207566880.0
805,2019-03-15 09:31:00,5302.529,5322.76,5413.545,5275.248000000001,99662.0,106392879840.0
806,2019-03-18 09:31:00,5369.571999999999,5524.575,5526.6309999999985,5317.274,74486.0,80360169080.0
807,2019-03-19 09:31:00,5488.183000000001,5469.359,5519.029,5438.812,65092.0,71421225160.0
808,2019-03-20 09:31:00,5461.388000000001,5450.025,5484.044,5332.598000000001,76216.0,82747090040.0
809,2019-03-21 09:31:00,5463.255,5519.956,5604.351,5463.255,86460.0,96047030000.0
810,2019-03-22 09:31:00,5532.879,5590.842,5591.811,5451.133000000002,77708.0,86103736680.0
811,2019-03-25 09:31:00,5496.61,5494.265,5573.276999999999,5483.635,77079.0,85432894640.0
812,2019-03-26 09:31:00,5531.291,5334.977,5537.008000000002,5321.914000000002,79239.0,86004559560.0
813,2019-03-27 09:31:00,5363.205,5367.748000000001,5390.233,5290.025,73241.0,78502858360.0
814,2019-03-28 09:31:00,5352.089,5295.769,5422.158,5289.073,75972.0,81593560160.0
815,2019-03-29 09:31:00,5310.1280000000015,5512.416,5532.233,5300.752,86341.0,93745064320.0
816,2019-04-01 09:31:00,5554.1709999999985,5749.6709999999985,5751.3319999999985,5554.1709999999985,80578.0,91867814400.0
817,2019-04-02 09:31:00,5778.703,5730.318,5810.524,5705.7469999999985,70637.0,81613351840.0
818,2019-04-03 09:31:00,5698.471,5812.842,5835.8690000000015,5698.066999999999,68841.0,79469091880.0
819,2019-04-04 09:31:00,5839.43,5866.98,5881.574000000001,5775.621,73082.0,85379143880.0
820,2019-04-08 09:31:00,5917.5459999999985,5778.241,5917.731,5720.852,80565.0,93854242680.0
821,2019-04-09 09:31:00,5774.485,5813.467,5839.891,5752.611999999999,69928.0,81250903280.0
822,2019-04-10 09:31:00,5789.651999999999,5795.517,5877.039000000002,5727.124,81692.0,94775211520.0
823,2019-04-11 09:31:00,5802.075,5695.206,5813.826,5677.252,74159.0,85358474040.0
824,2019-04-12 09:31:00,5694.334,5674.812,5711.47,5628.462,63863.0,72647620480.0
825,2019-04-15 09:31:00,5760.623000000001,5570.23,5778.938,5556.078,85003.0,96955042640.0
826,2019-04-16 09:31:00,5554.976,5726.83,5731.666,5515.776,86596.0,97581346800.0
827,2019-04-17 09:31:00,5736.91,5732.666,5790.805,5694.594,80628.0,92817460720.0
828,2019-04-18 09:31:00,5734.685,5704.876,5747.785,5684.585999999998,66768.0,76662185000.0
829,2019-04-19 09:31:00,5697.865,5750.73,5753.7440000000015,5614.213000000002,83298.0,95000602200.0
830,2019-04-22 09:31:00,5783.41,5671.107,5783.528,5623.898,76197.0,86540120720.0
831,2019-04-23 09:31:00,5637.888000000001,5524.156999999998,5643.693,5515.958000000001,82912.0,92741228640.0
832,2019-04-24 09:31:00,5544.509,5600.571999999999,5636.11,5484.955,92307.0,102995131480.0
833,2019-04-25 09:31:00,5592.095,5384.325,5598.83,5371.547,94135.0,103791881840.0
834,2019-04-26 09:31:00,5372.4540000000015,5350.515,5450.065,5347.566999999999,96978.0,104899159520.0
835,2019-04-29 09:31:00,5366.187,5233.55,5371.976,5203.268,112119.0,118753281360.0
836,2019-04-30 09:31:00,5228.734,5241.874,5314.653,5198.8809999999985,100910.0,106463406080.0
837,2019-05-06 09:31:00,5093.674,4777.325,5093.674,4722.474,126654.0,124553820280.0
838,2019-05-07 09:31:00,4842.132000000001,4868.892,4925.628,4803.359,124661.0,121609962800.0
839,2019-05-08 09:31:00,4790.891,4834.543,4967.413,4776.233,114987.0,112630240040.0
840,2019-05-09 09:31:00,4798.379,4803.418,4884.598,4773.063,111459.0,108229309360.0
841,2019-05-10 09:31:00,4879.805,4974.95,5008.065,4734.687,150214.0,148089774080.0
842,2019-05-13 09:31:00,4921.781,4884.736,4962.72,4864.328,88366.0,87114450080.0
843,2019-05-14 09:31:00,4869.571,4874.819,4930.692,4839.226,117443.0,115504446800.0
844,2019-05-15 09:31:00,4915.710999999998,4972.023,5003.234,4896.282,107729.0,106948095080.0
845,2019-05-16 09:31:00,4950.894,4996.218,5006.73,4945.428,92636.0,92640179640.0
846,2019-05-17 09:31:00,4987.547000000001,4826.273,5006.097,4802.042,117684.0,115573550640.0
847,2019-05-20 09:31:00,4831.527,4816.749,4845.519,4721.872,95726.0,91486787000.0
848,2019-05-21 09:31:00,4809.526,4870.219,4933.395,4791.886,100378.0,98094346440.0
849,2019-05-22 09:31:00,4867.32,4851.699000000001,4887.468,4790.703,88261.0,85850896120.0
850,2019-05-23 09:31:00,4832.76,4748.2,4838.622,4725.426,90291.0,86602563240.0
851,2019-05-24 09:31:00,4753.37,4732.957,4777.787,4713.654,87153.0,83079735240.0
852,2019-05-27 09:31:00,4736.552,4865.177,4895.888,4710.627,99610.0,96201295640.0
853,2019-05-28 09:31:00,4867.278,4847.065,4902.385,4830.238,81993.0,80187067280.0
854,2019-05-29 09:31:00,4831.5329999999985,4823.062,4885.83,4813.251,82880.0,80758315520.0
855,2019-05-30 09:31:00,4821.683,4822.2559999999985,4822.892,4719.149,96777.0,92818956280.0
856,2019-05-31 09:31:00,4810.899,4758.349,4874.122,4744.839,96791.0,93567690520.0
857,2019-06-03 09:31:00,4799.947,4732.812,4832.479,4686.634,100633.0,96210920880.0
858,2019-06-04 09:31:00,4730.37,4694.087,4743.978,4662.147,81751.0,77394057480.0
859,2019-06-05 09:31:00,4726.6709999999985,4663.601,4739.051,4662.384,84502.0,80060816160.0
860,2019-06-06 09:31:00,4658.173,4552.991,4666.606,4549.685,98296.0,91098694040.0
861,2019-06-10 09:31:00,4580.045,4594.675,4653.124,4542.646,100523.0,93267404760.0
862,2019-06-11 09:31:00,4602.178,4816.516,4820.918,4602.178,120109.0,114503156720.0
863,2019-06-12 09:31:00,4801.712,4746.097,4811.2,4731.414000000002,95618.0,91812009760.0
864,2019-06-13 09:31:00,4736.988,4754.278,4779.634,4703.882000000001,101267.0,97001715760.0
865,2019-06-14 09:31:00,4758.43,4681.608,4774.208,4657.564,89111.0,84917464680.0
866,2019-06-17 09:31:00,4673.524,4693.853,4721.413,4660.314,89917.0,85366180640.0
867,2019-06-18 09:31:00,4691.052,4688.302,4718.054,4648.193,97176.0,92138839760.0
868,2019-06-19 09:31:00,4809.439,4756.903,4856.662,4752.728,122553.0,118838808480.0
869,2019-06-20 09:31:00,4747.976,4866.927,4929.575,4734.8290000000015,143176.0,139545405840.0
870,2019-06-21 09:31:00,4929.17,4936.558,4994.463,4917.279,125646.0,125168372880.0
871,2019-06-24 09:31:00,4958.373,4947.75,4969.9540000000015,4912.977,68017.0,67365419400.0
872,2019-06-25 09:31:00,4914.485,4868.92,4920.553,4793.688,94078.0,91872904720.0
873,2019-06-26 09:31:00,4839.899,4863.411,4899.138,4835.164000000002,68609.0,67251850440.0
874,2019-06-27 09:31:00,4881.355,4900.143,4951.264,4868.183,94338.0,93274772280.0
875,2019-06-28 09:31:00,4896.477,4865.06,4900.272,4814.932,83152.0,81233217600.0
876,2019-07-01 09:31:00,4975.215,4994.694,5023.899,4918.519,97303.0,97578142440.0
877,2019-07-02 09:31:00,4984.768,4975.229,5001.311,4959.208,64372.0,64602691640.0
878,2019-07-03 09:31:00,4954.819,4944.787,4954.838,4922.231,66806.0,66456362800.0
879,2019-07-04 09:31:00,4947.221,4924.741,4978.722,4892.187,73642.0,73325154600.0
880,2019-07-05 09:31:00,4925.915,4957.776,4969.793,4907.349,65913.0,65629803160.0
881,2019-07-08 09:31:00,4936.819,4753.102,4936.819,4744.51,95847.0,92790785280.0
882,2019-07-09 09:31:00,4762.379,4757.8809999999985,4785.919,4733.434,66567.0,63942490960.0
883,2019-07-10 09:31:00,4772.587,4738.268,4788.277,4721.931,61515.0,58978157400.0
884,2019-07-11 09:31:00,4756.098,4731.437,4812.495,4701.874,88043.0,84619457560.0
885,2019-07-12 09:31:00,4734.764,4773.303,4786.808,4722.218,81803.0,78634916080.0
886,2019-07-15 09:31:00,4747.672000000001,4830.633,4875.318,4673.114000000001,120468.0,116398621280.0
887,2019-07-16 09:31:00,4820.024,4846.3290000000015,4858.745,4819.146,75922.0,74189001440.0
888,2019-07-17 09:31:00,4834.093,4829.007000000001,4866.776,4822.761,89214.0,87312320200.0
889,2019-07-18 09:31:00,4798.0920000000015,4757.9659999999985,4806.32,4756.012,95678.0,92204310160.0
890,2019-07-19 09:31:00,4768.583,4781.128,4839.886,4762.011,97689.0,94382265400.0
891,2019-07-22 09:31:00,4808.621,4707.004,4823.589,4677.335,89193.0,84477647040.0
892,2019-07-23 09:31:00,4690.655,4725.998,4738.0790000000015,4682.335,65554.0,62185704600.0
893,2019-07-24 09:31:00,4745.601,4767.875,4815.4,4745.601,81254.0,78284123800.0
894,2019-07-25 09:31:00,4773.808,4795.366,4809.710999999998,4762.48,66627.0,64191700800.0
895,2019-07-26 09:31:00,4780.902,4805.532,4813.187,4761.379,66819.0,64392137600.0
896,2019-07-29 09:31:00,4803.457,4788.569,4822.183,4761.059,60353.0,58174800640.0
897,2019-07-30 09:31:00,4796.059,4824.682,4872.152,4789.818,83122.0,80930977320.0
898,2019-07-31 09:31:00,4815.095,4816.7959999999985,4834.203,4798.637,63200.0,61292902200.0
899,2019-08-01 09:31:00,4792.952,4782.153,4815.393,4759.386,68035.0,65490334840.0
900,2019-08-02 09:31:00,4681.0059999999985,4720.491,4724.882000000001,4661.444,73674.0,69719255200.0
901,2019-08-05 09:31:00,4695.768,4667.243,4743.401,4661.318,77048.0,72971091040.0
902,2019-08-06 09:31:00,4587.815,4567.066,4614.576,4485.558,108347.0,99395312400.0
903,2019-08-07 09:31:00,4593.0,4534.063,4597.539000000002,4532.2440000000015,69786.0,64116453440.0
904,2019-08-08 09:31:00,4560.141,4553.12,4575.969,4541.516,67837.0,62262967280.0
905,2019-08-09 09:31:00,4575.56,4501.301,4588.999,4489.327,80603.0,73754471960.0
906,2019-08-12 09:31:00,4511.498,4595.0059999999985,4599.708,4499.4,88640.0,81155514440.0
907,2019-08-13 09:31:00,4570.356,4569.338,4576.968,4539.154,72429.0,66626803400.0
908,2019-08-14 09:31:00,4616.857,4594.913,4654.862,4591.84,84386.0,78661405120.0
909,2019-08-15 09:31:00,4514.712,4627.312,4639.597,4508.5340000000015,106317.0,97908694840.0
910,2019-08-16 09:31:00,4621.128,4635.493,4673.0340000000015,4616.371,93330.0,87243774640.0
911,2019-08-19 09:31:00,4720.38,4853.515,4854.513,4713.125,98031.0,93520757920.0
912,2019-08-20 09:31:00,4807.679,4791.782,4851.061,4787.28,79112.0,76478904320.0
913,2019-08-21 09:31:00,4786.152,4799.488,4817.0,4776.808,59598.0,57444094040.0
914,2019-08-22 09:31:00,4808.469,4793.615,4812.854,4760.191,69991.0,67306953120.0
915,2019-08-23 09:31:00,4797.017,4797.258,4824.57,4769.048,77814.0,75071709120.0
916,2019-08-26 09:31:00,4718.559,4768.662,4782.483,4716.373,82871.0,79222963600.0
917,2019-08-27 09:31:00,4790.785,4828.073,4917.927,4787.661,104890.0,102415288600.0
918,2019-08-28 09:31:00,4838.594,4838.609,4863.8,4824.407,60790.0,59218588360.0
919,2019-08-29 09:31:00,4848.8,4842.292,4870.757000000001,4818.907,70407.0,68609001800.0
920,2019-08-30 09:31:00,4874.759,4809.553,4897.798,4766.261,90625.0,88128502880.0
921,2019-09-02 09:31:00,4812.52,4928.6309999999985,4958.93,4801.1709999999985,103466.0,101777100120.0
922,2019-09-03 09:31:00,4943.897,4952.979,4958.291,4915.317,69649.0,69203511200.0
923,2019-09-04 09:31:00,4946.853,5045.567,5046.4079999999985,4939.6190000000015,100197.0,100379363280.0
924,2019-09-05 09:31:00,5075.9090000000015,5081.453,5168.522,5070.014,128944.0,132394920160.0
925,2019-09-06 09:31:00,5109.328,5105.95,5122.9209999999985,5062.83,85935.0,87960506800.0
926,2019-09-09 09:31:00,5137.212,5201.626,5203.766,5108.622,97227.0,100645454440.0
927,2019-09-10 09:31:00,5197.676,5188.316,5207.8290000000015,5146.5340000000015,89606.0,93229520160.0
928,2019-09-11 09:31:00,5203.607,5169.689,5224.122,5145.657,104731.0,109036373160.0
929,2019-09-12 09:31:00,5189.787,5195.181,5221.83,5145.055,91617.0,95340575640.0
930,2019-09-16 09:31:00,5207.656,5182.6709999999985,5231.192,5158.228,101917.0,106428183520.0
931,2019-09-17 09:31:00,5170.019,5069.239000000001,5170.624,5058.778,110346.0,113261289080.0
932,2019-09-18 09:31:00,5083.077,5069.049,5098.707,5062.799,86609.0,88558212440.0
933,2019-09-19 09:31:00,5072.726,5113.065,5114.857,5051.15,103818.0,106263608640.0
934,2019-09-20 09:31:00,5120.085999999998,5112.082,5145.912,5100.206,100449.0,103438084880.0
935,2019-09-23 09:31:00,5107.215,5106.637,5115.383,5043.797000000001,86268.0,87663164080.0
936,2019-09-24 09:31:00,5088.746,5076.822,5178.325,5071.376,105606.0,108636226960.0
937,2019-09-25 09:31:00,5064.06,4996.664000000002,5064.06,4994.464,91588.0,92638665680.0
938,2019-09-26 09:31:00,5017.465,4904.774,5023.047000000001,4901.451,98759.0,98498177520.0
939,2019-09-27 09:31:00,4914.359,4930.763,4965.407,4911.293,77574.0,77084636600.0
940,2019-09-30 09:31:00,4928.154,4838.585,4953.906,4836.210999999998,80725.0,79719493240.0
941,2019-10-08 09:31:00,4862.918,4866.677,4927.857,4862.532,76050.0,74916013480.0
942,2019-10-09 09:31:00,4850.496,4904.882000000001,4920.3690000000015,4831.666,84155.0,82653568600.0
943,2019-10-10 09:31:00,4904.6190000000015,4861.36,5096.834,4837.06,670228.0,671636236600.0
944,2019-10-21 09:31:00,4877.134,4933.788,5004.92,4824.918,562610.0,554291243800.0
945,2019-10-30 09:31:00,4911.399,4847.648,4915.374,4835.189,151616.0,148713104680.0
946,2019-11-01 09:31:00,4839.176,4900.497,4904.617,4820.001,82663.0,81036079840.0
947,2019-11-04 09:31:00,4917.051,4907.96,4948.347,4899.323,75719.0,74970054000.0
948,2019-11-05 09:31:00,4915.5790000000015,4946.754,4979.335,4893.107,91420.0,90833362520.0
949,2019-11-06 09:31:00,4946.439,4902.2170000000015,4957.677,4871.0,82444.0,81509168360.0
950,2019-11-07 09:31:00,4892.937,4932.884,4957.269,4888.458,102054.0,101147005760.0
951,2019-11-08 09:31:00,4972.413,4915.485,4992.368,4911.661,100409.0,100070118640.0
952,2019-11-11 09:31:00,4889.139,4899.821,4904.5909999999985,4750.613,626063.0,606428230560.0
953,2019-11-20 09:31:00,4895.612,4832.637,4956.465,4775.238,693325.0,674561648680.0
954,2019-12-02 09:31:00,4844.808,4846.964,4873.93,4821.92,77907.0,75895556440.0
955,2019-12-03 09:31:00,4833.076,4874.7,4875.441,4802.642,85899.0,83476086640.0
956,2019-12-04 09:31:00,4857.077,4863.419,4882.622,4839.7959999999985,83962.0,81947797400.0
957,2019-12-05 09:31:00,4872.896,4908.417,4926.757000000001,4862.5920000000015,91983.0,90540272560.0
958,2019-12-06 09:31:00,4914.257000000001,4969.035,4970.62,4901.116,85193.0,84341776840.0
959,2019-12-09 09:31:00,4980.251,4980.312,5003.248,4959.488,84302.0,84251400120.0
960,2019-12-10 09:31:00,4960.157,5222.973,5256.085,4956.275,772325.0,789904986760.0
961,2019-12-20 09:31:00,5228.068,5125.144,5244.0340000000015,5028.876,583846.0,602172035920.0
962,2019-12-30 09:31:00,5109.482,5236.563,5246.104,5074.636,190260.0,198030208400.0
963,2020-01-02 09:31:00,5270.722,5334.712,5358.236999999999,5253.746,97640.0,104174467200.0
964,2020-01-03 09:31:00,5345.411999999998,5350.137,5373.458000000001,5331.438,78878.0,84611450560.0
965,2020-01-06 09:31:00,5324.799,5408.035,5468.0459999999985,5324.799,114538.0,124134107280.0
966,2020-01-07 09:31:00,5418.649,5477.63,5483.039000000002,5412.504,96886.0,105772690520.0
967,2020-01-08 09:31:00,5449.923000000002,5407.87,5481.005,5379.397,116448.0,126832776040.0
968,2020-01-09 09:31:00,5454.1309999999985,5467.076999999998,5474.745,5422.451,103744.0,113372591760.0
969,2020-01-10 09:31:00,5486.303000000001,5436.395,5492.901,5414.938,97294.0,106300580520.0
970,2020-01-13 09:31:00,5438.248000000001,5543.09,5543.483,5400.6190000000015,117018.0,128422749160.0
971,2020-01-14 09:31:00,5561.629,5512.259,5564.761,5508.84,95851.0,106441539680.0
972,2020-01-15 09:31:00,5500.309,5498.406999999998,5521.795,5457.001,106405.0,117203818480.0
973,2020-01-16 09:31:00,5504.974,5514.555,5526.5430000000015,5487.556,100092.0,110592858280.0
974,2020-01-17 09:31:00,5529.183000000001,5479.551,5538.551,5466.789000000002,117677.0,129782764240.0
975,2020-01-20 09:31:00,5489.558000000001,5571.489000000001,5572.46,5470.0030000000015,90178.0,99910103200.0
976,2020-01-21 09:31:00,5546.801,5484.765,5554.375,5464.295,105623.0,116521053400.0
977,2020-01-22 09:31:00,5461.065,5548.806,5573.513000000001,5384.105,125458.0,137649671280.0
978,2020-01-23 09:31:00,5489.178000000001,5305.272,5511.236,5265.960999999998,152178.0,164509836160.0
979,2020-02-03 09:31:00,4775.026,4770.931,4860.5920000000015,4770.931,93722.0,90347881400.0
980,2020-02-04 09:31:00,4806.565,4914.996,4955.404,4789.863,135128.0,132490764320.0
981,2020-02-05 09:31:00,4951.302,5018.228,5089.056,4944.888,139506.0,140625078760.0
982,2020-02-06 09:31:00,5033.718,5197.175,5218.672000000001,5000.185,150949.0,155166857920.0
983,2020-02-07 09:31:00,5170.746,5240.1590000000015,5241.826,5142.206,137111.0,142802507240.0
984,2020-02-10 09:31:00,5215.616,5259.593000000002,5363.616999999998,5195.839,119990.0,126320746640.0
985,2020-02-11 09:31:00,5274.304,5254.31,5293.178000000001,5225.816,111478.0,117903109360.0
986,2020-02-12 09:31:00,5244.219,5370.63,5370.858,5240.297000000001,121514.0,129661490600.0
987,2020-02-13 09:31:00,5361.326999999998,5325.031999999998,5384.7069999999985,5307.392,127027.0,136360879040.0
988,2020-02-14 09:31:00,5329.6219999999985,5349.769,5397.751,5307.114000000001,128129.0,137761016320.0
989,2020-02-17 09:31:00,5379.062,5556.598000000001,5560.52,5375.1219999999985,135620.0,149111697480.0
990,2020-02-18 09:31:00,5554.588000000002,5571.2930000000015,5598.255,5511.084,145492.0,162281512840.0
991,2020-02-19 09:31:00,5563.985,5544.7440000000015,5598.614000000001,5531.843000000002,125260.0,139954297040.0
992,2020-02-20 09:31:00,5560.563,5638.252,5666.257,5515.38,157626.0,176531919320.0
993,2020-02-21 09:31:00,5631.988,5734.861999999999,5759.126,5630.094,159652.0,182306232160.0
994,2020-02-24 09:31:00,5712.658,5758.625,5803.025,5658.526,144417.0,166170261280.0
995,2020-02-25 09:31:00,5707.948,5806.414000000002,5820.685,5572.303000000001,203357.0,233411001080.0
996,2020-02-26 09:31:00,5750.339,5667.523,5768.4209999999985,5637.3719999999985,204206.0,234070755720.0
997,2020-02-27 09:31:00,5686.004,5658.973000000001,5717.426,5621.67,162802.0,185508487200.0
998,2020-02-28 09:31:00,5492.224,5330.5790000000015,5556.061,5315.321999999999,218845.0,238335011480.0
999,2020-03-02 09:31:00,5409.823,5542.08,5600.588000000002,5409.823,181765.0,201065464000.0
1000,2020-03-03 09:31:00,5643.488,5563.5059999999985,5730.073,5542.573,179794.0,203957764560.0
1001,2020-03-04 09:31:00,5561.2,5596.231,5616.795,5481.569,157430.0,175801245880.0
1002,2020-03-05 09:31:00,5676.205,5664.557,5701.554,5593.212,166969.0,189551643440.0
1003,2020-03-06 09:31:00,5622.4180000000015,5610.427,5655.794,5591.738,140347.0,158915602160.0
1004,2020-03-09 09:31:00,5515.134,5384.4,5530.049,5357.469,175064.0,191400209360.0
1005,2020-03-10 09:31:00,5433.826999999998,5565.007,5575.849,5330.55,213847.0,235222499880.0
1006,2020-03-11 09:31:00,5574.597,5446.8319999999985,5582.851,5446.523,158059.0,175704758000.0
1007,2020-03-12 09:31:00,5383.153,5393.551,5415.889,5299.664000000002,169518.0,183070264280.0
1008,2020-03-13 09:31:00,5125.57,5371.349,5417.823,5104.15,223362.0,236540207880.0
1009,2020-03-16 09:31:00,5348.751,5065.578,5363.755,5051.617,190416.0,200178216880.0
1010,2020-03-17 09:31:00,5180.4,5073.239000000001,5206.382000000001,4968.002,212147.0,217328511080.0
1011,2020-03-18 09:31:00,5100.974,4973.142,5220.76,4963.863,218015.0,224702953880.0
1012,2020-03-19 09:31:00,5001.915,5041.241,5072.733,4894.349,238473.0,240095768280.0
1013,2020-03-20 09:31:00,5098.157,5092.228,5108.919,4999.593,191920.0,195676688360.0
1014,2020-03-23 09:31:00,4924.282,4883.228,4995.6309999999985,4851.635,164921.0,163805553720.0
1015,2020-03-24 09:31:00,4984.862,4953.007000000001,5011.625,4858.551,185248.0,184758890760.0
1016,2020-03-25 09:31:00,5051.169,5065.384,5100.84,5021.183,152591.0,155837922760.0
1017,2020-03-26 09:31:00,5029.017,5005.405,5074.016,4996.372,133473.0,135632141520.0
1018,2020-03-27 09:31:00,5065.039000000002,4974.24,5091.069,4974.24,158456.0,160909297480.0
1019,2020-03-30 09:31:00,4931.906,4898.347,4952.349,4834.73,152257.0,150119822360.0
1020,2020-03-31 09:31:00,4944.981,4883.779,4962.898,4873.547000000001,133185.0,132289613520.0
1021,2020-04-01 09:31:00,4883.8690000000015,4877.321,4985.89,4863.460999999998,150892.0,149854810720.0
1022,2020-04-02 09:31:00,4872.125,5053.098,5056.374,4872.125,161194.0,160983983760.0
1023,2020-04-03 09:31:00,5026.837,4985.883,5036.741,4955.71,130612.0,131580583320.0
1024,2020-04-07 09:31:00,5082.589,5134.422000000001,5160.278,5082.185,129912.0,134213433480.0
1025,2020-04-08 09:31:00,5110.007000000001,5147.214,5170.319,5108.757000000001,112051.0,116062064840.0
1026,2020-04-09 09:31:00,5174.252,5186.26,5210.382000000001,5165.839,117004.0,122442277440.0
1027,2020-04-10 09:31:00,5185.577,5110.795,5188.4540000000015,5081.087,136113.0,140928237520.0
1028,2020-04-13 09:31:00,5073.695,5055.246,5093.866,5035.266,113651.0,116052675320.0
1029,2020-04-14 09:31:00,5089.363,5170.674,5178.542,5086.566,131356.0,135996899080.0
1030,2020-04-15 09:31:00,5172.583,5152.194,5201.623,5150.372,120043.0,125450061000.0
1031,2020-04-16 09:31:00,5130.515,5198.177,5220.099,5125.743,160837.0,168056874560.0
1032,2020-04-17 09:31:00,5243.0059999999985,5198.4540000000015,5272.566,5182.028,159022.0,167830226400.0
1033,2020-04-20 09:31:00,5193.0909999999985,5222.7440000000015,5231.585,5181.129,96999.0,101877617120.0
1034,2020-04-21 09:31:00,5201.959,5168.585999999998,5203.731,5097.337,127185.0,132055274080.0
1035,2020-04-22 09:31:00,5132.258,5230.12,5230.778,5128.398,124168.0,129605488480.0
1036,2020-04-23 09:31:00,5226.889,5192.707,5239.144,5175.226,112486.0,118138813280.0
1037,2020-04-24 09:31:00,5178.66,5131.839,5188.642,5105.774,115295.0,119685746400.0
1038,2020-04-27 09:31:00,5137.326,5121.589,5175.699000000001,5109.101,107457.0,111527147920.0
1039,2020-04-28 09:31:00,5124.52,5081.18,5130.181,4986.753,149067.0,152464779200.0
1040,2020-04-29 09:31:00,5072.864000000001,5105.9670000000015,5133.233,5072.864000000001,107314.0,110548614560.0
1041,2020-04-30 09:31:00,5148.02,5251.613,5266.68,5147.09,131028.0,137770335960.0
1042,2020-05-06 09:31:00,5220.195,5325.525,5344.1219999999985,5216.214,120325.0,127927026680.0
1043,2020-05-07 09:31:00,5329.616,5310.236,5342.331,5288.087,107079.0,114923156360.0
1044,2020-05-08 09:31:00,5351.2440000000015,5384.749,5415.148,5334.54,126200.0,136917898800.0
1045,2020-05-11 09:31:00,5406.581,5367.672,5439.264,5350.048000000002,118148.0,128476908360.0
1046,2020-05-12 09:31:00,5363.376,5377.25,5393.2559999999985,5325.9569999999985,124299.0,134686765600.0
1047,2020-05-13 09:31:00,5359.105,5401.898,5413.054,5350.281,113034.0,122847082360.0
1048,2020-05-14 09:31:00,5375.423000000002,5366.158,5387.802,5345.517,129152.0,139741970400.0
1049,2020-05-15 09:31:00,5379.674,5355.401,5413.143,5350.6280000000015,138830.0,150511558320.0
1050,2020-05-18 09:31:00,5360.848000000001,5320.948,5379.446999999999,5303.998000000001,117443.0,126451972800.0
1051,2020-05-19 09:31:00,5366.276,5383.2,5396.405,5350.321999999999,103696.0,112258256040.0
1052,2020-05-20 09:31:00,5376.538000000001,5336.62,5381.371,5319.715,92505.0,99730131800.0
1053,2020-05-21 09:31:00,5352.355,5268.943,5354.748000000001,5264.536999999998,102156.0,109432911080.0
1054,2020-05-22 09:31:00,5266.4540000000015,5196.59,5280.996,5180.502,125778.0,132349604680.0
1055,2020-05-25 09:31:00,5196.218,5183.652,5224.555,5165.241,98197.0,102685138280.0
1056,2020-05-26 09:31:00,5206.425,5268.279,5279.501,5201.343,100912.0,106724007000.0
1057,2020-05-27 09:31:00,5267.001,5225.477,5270.786999999998,5203.958,100413.0,105801252920.0
1058,2020-05-28 09:31:00,5217.241,5204.863,5251.167,5147.822,122301.0,128216948200.0
1059,2020-05-29 09:31:00,5192.5,5240.919,5267.1280000000015,5180.442,106121.0,112092018040.0
1060,2020-06-01 09:31:00,5298.661999999998,5443.019,5450.696,5298.661999999998,129569.0,140784280520.0
1061,2020-06-02 09:31:00,5462.889,5438.098000000001,5468.755,5412.093000000002,93918.0,102960575560.0
1062,2020-06-03 09:31:00,5452.526999999999,5422.812,5479.531999999998,5420.91,100012.0,109990383840.0
1063,2020-06-04 09:31:00,5444.485,5426.164000000002,5451.644,5398.06,89357.0,97900391240.0
1064,2020-06-05 09:31:00,5435.741,5441.639,5443.2,5395.491999999998,96341.0,105554901480.0
1065,2020-06-08 09:31:00,5474.396,5423.024,5489.0430000000015,5411.375,93294.0,102658610400.0
1066,2020-06-09 09:31:00,5426.467,5449.291,5465.411999999998,5408.18,106276.0,116980869080.0
1067,2020-06-10 09:31:00,5451.108,5448.076,5456.686,5414.833000000001,92417.0,101734350160.0
1068,2020-06-11 09:31:00,5429.17,5433.951,5515.321,5399.0059999999985,149030.0,164499656440.0
1069,2020-06-12 09:31:00,5380.138000000001,5465.941999999999,5494.573,5361.272,146939.0,161259103680.0
1070,2020-06-15 09:31:00,5446.239000000001,5425.669,5502.076999999998,5425.233,141380.0,156249961880.0
1071,2020-06-16 09:31:00,5479.306,5542.001,5542.86,5472.028,131050.0,146262399320.0
1072,2020-06-17 09:31:00,5539.459,5553.383000000002,5558.623000000001,5508.656999999998,113860.0,127796750600.0
1073,2020-06-18 09:31:00,5535.526999999999,5578.25,5578.985,5527.991,132237.0,148681440920.0
1074,2020-06-19 09:31:00,5554.056,5629.022,5652.511,5550.765,143002.0,161857352560.0
1075,2020-06-22 09:31:00,5625.799,5620.75,5673.359,5617.837,102508.0,116646910280.0
1076,2020-06-23 09:31:00,5609.714,5636.643,5646.73,5579.478,99718.0,113203296040.0
1077,2020-06-24 09:31:00,5647.06,5646.559,5664.68,5608.972,85017.0,96808423840.0
1078,2020-06-29 09:31:00,5628.076,5606.393,5634.29,5567.179,92194.0,104447081040.0
1079,2020-06-30 09:31:00,5635.972,5702.818,5741.552,5634.804,122406.0,140766381040.0
1080,2020-07-01 09:31:00,5730.271,5726.855,5733.723000000001,5665.863,118266.0,136399021600.0
1081,2020-07-02 09:31:00,5729.62,5868.451999999998,5886.415,5711.7559999999985,139196.0,163213352000.0
1082,2020-07-03 09:31:00,5892.093000000002,5960.316999999999,5969.139,5885.757,140344.0,167242854160.0
1083,2020-07-06 09:31:00,6015.786,6263.437,6361.124,6013.694,176354.0,219195774920.0
